original_asiakastunnus,original_lupanumero,original_nimi,original_katuosoite,original_postinumero,original_postitoimipaikka,original_kunta,original_asiakkaan-nimi,original_alkamispaivamaara,original_paattamispaivamaara,lat,lon,formatted,name,housenumber,street,postcode,suburb,county,district,city,state,country,country_code,confidence,confidence_city_level,confidence_street_level,confidence_building_level,attribution,attribution_license,attribution_url
2676049-7,30071363,Merrycamping,Palosaarentie 67,29900,MERIKARVIA,Merikarvia,The Merry Monk Reposaari Oy,01.06.2021,,61.8488,21.4704242,"Merrry Camping shop & deli, Palosaarentie 67, 29900 Merikarvia, Suomi",Merrry Camping shop & deli,67,Palosaarentie,29900,,,Krookka,Merikarvia,Satakunta,Suomi,fi,0.9,1,1,1,© OpenStreetMap contributors,Open Database License,https://www.openstreetmap.org/copyright
3169483-4,30887705,Bar Lato,Ilmarinjärventie 252,33450,SIIVIKKALA,Ylöjärvi,Hanmax Oy,29.05.2025,28.05.2026,61.5502772,23.656114847258973,"K-Market, Ilmarinjärventie 252, 33450 Ylöjärvi, Suomi",K-Market,252,Ilmarinjärventie,33450,Siivikkala,,,Ylöjärvi,Pirkanmaa,Suomi,fi,0.9,1,1,1,© OpenStreetMap contributors,Open Database License,https://www.openstreetmap.org/copyright
1536555-5,1009726,Kärrynpyörä baari,Pennalantie 107,16320,PENNALA,Orimattila,Kioski Myötätuuli Pennala Ky,01.03.2018,,60.8923983,25.7037889,"Myötätuuli, Pennalantie 107, 16320 Orimattila, Suomi",Myötätuuli,107,Pennalantie,16320,Pennala,,,Orimattila,Päijät-Häme,Suomi,fi,0.9,1,1,1,© OpenStreetMap contributors,Open Database License,https://www.openstreetmap.org/copyright
0869447-3,1034201,Martinselkosen Eräkeskus,Pirttivaarantie 131,89920,RUHTINANSALMI,Suomussalmi,Martinselkosen Matkailu Oy,01.03.2018,,65.43000812586207,29.548006310344828,"89920 Suomussalmi, Suomi",,,,89920,,,,Suomussalmi,Kainuu,Suomi,fi,0.25,1,,,© OpenStreetMap contributors,Open Database License,https://www.openstreetmap.org/copyright
2942083-4,1064606,Pizzeria Don Papa,Satamatie 3,53900,LAPPEENRANTA,Lappeenranta,Don Papa Oy,15.04.2019,,61.06371755,28.18606354708833,"Lappeenrannan matkustajasatama, Satamatie 3, 53900 Lappeenranta, Suomi",Lappeenrannan matkustajasatama,3,Satamatie,53900,Rapasaari,,,Lappeenranta,Etelä-Karjala,Suomi,fi,0.9,1,1,1,© OpenStreetMap contributors,Open Database License,https://www.openstreetmap.org/copyright
1603876-7,1048327,Bar Kuka,Linnankatu 17,20100,TURKU,Turku,Eneros Turku Oy,01.09.2014,,60.4487949,22.2652195,"Bar Kuka, Linnankatu 17, 20100 Turku, Suomi",Bar Kuka,17,Linnankatu,20100,Keskusta,,Puolalanmäki,Turku,Varsinais-Suomi,Suomi,fi,1,1,1,1,© OpenStreetMap contributors,Open Database License,https://www.openstreetmap.org/copyright
3413208-7,30884116,Laivaravintola Svarte Rudolf,Itäinen Rantakatu 13,20100,TURKU,Turku,AV Lines Oy,04.04.2024,,60.4478013,22.2678301,"Itäinen Rantakatu 13, 20100 Turku, Suomi",,13,Itäinen Rantakatu,20100,III,,Kaskenmäki,Turku,Varsinais-Suomi,Suomi,fi,1,1,1,1,© OpenStreetMap contributors,Open Database License,https://www.openstreetmap.org/copyright
2932156-1,30062738,Dos Tecolotes,Hämeentie 6 LT 4,530,HELSINKI,Helsinki,Dos Tecolotes Oy,23.11.2020,,60.1808161,24.9520308,"Dos Tecolotes, Hämeentie 6, 00530 Helsinki, Suomi",Dos Tecolotes,6,Hämeentie,00530,Kallio,,Keskinen suurpiiri,Helsinki,Uusimaa,Suomi,fi,1,1,1,1,© OpenStreetMap contributors,Open Database License,https://www.openstreetmap.org/copyright
1457522-7,1057024,Restaurang Crazy Cat,Salutorget 1,64100,KRISTIINANKAUPUNKI,Kristiinankaupunki,Nopporex Oy,28.04.2017,,62.274238,21.378927,"Salutorget 1, 64100 Kristiinankaupunki, Suomi",,1,Salutorget,64100,,Pohjanmaa,Kristiinankaupunki,Kristiinankaupunki,Länsi ja Sisä-Suomi,Suomi,fi,0.9,1,1,1,© OpenAddresses contributors,BSD-3-Clause License,
3408655-1,30883563,The Murju - Bistro & Bar,Koskentori 3,2880,VEIKKOLA,Kirkkonummi,Murju Oy,01.01.2024,,61.7949465,21.4851834,"Veikkola (Merikarvia), Satakunta, Suomi",,,,,,,,Merikarvia,Satakunta,Suomi,fi,0.25,1,,,© OpenStreetMap contributors,Open Database License,https://www.openstreetmap.org/copyright
2038041-8,30886183,Chipper´s Pub,Strandvägen 1,25900,TAALINTEHDAS,Kemiönsaari,Chipper's Pub Ab,20.11.2024,,60.019315,22.510386,"Marina, Strandvägen 1, 25900 Taalintehdas, Suomi",Marina,1,Strandvägen,25900,Byholmen,Varsinais-Suomi,Kemiönsaari,Taalintehdas,Lounais-Suomi,Suomi,fi,0.9,1,1,1,© OpenAddresses contributors,BSD-3-Clause License,
2777082-2,30889464,Ravintola Bianco,Otavalankatu 9,33100,TAMPERE,Tampere,BIG DADDY - RAVINTOLA,01.02.2026,,61.4966738,23.7715198,"Zarillo, Otavalankatu 9, 33100 Tampere, Suomi",Zarillo,9,Otavalankatu,33100,Kyttälä,,Keskustan suuralue,Tampere,Pirkanmaa,Suomi,fi,0.9,1,1,1,© OpenStreetMap contributors,Open Database License,https://www.openstreetmap.org/copyright
1544280-5,1073741,Paatelan Portti,Äänekoskentie 840,44200,SUOLAHTI,Äänekoski,Novocora Oy,12.05.2000,,62.5695633,25.7833174,"Äänekoskentie 840, 44200 Suolahti, Suomi",Äänekoskentie,840,Äänekoskentie,44200,,,,Suolahti,Keski-Suomi,Suomi,fi,0.9,1,1,1,© OpenStreetMap contributors,Open Database License,https://www.openstreetmap.org/copyright
0186121-6,1881018,Huttukylän Nuorisoseurantalo,Lehmiläntie 25,90900,KIIMINKI,Oulu,Kiimingin Huttukylän Nuorisoseura ry,01.03.2018,,65.0777106,25.8518878,"Lehmiläntie 25, 90900 Oulu, Suomi",Lehmiläntie,25,Lehmiläntie,90900,Huttukylä,,,Oulu,Pohjois-Pohjanmaa,Suomi,fi,0.675,1,1,0.75,© OpenStreetMap contributors,Open Database License,https://www.openstreetmap.org/copyright
0240138-5,30477037,Luhalahden Autohuollon Kahvio,Luhalahdentie 2325,39410,LUHALAHTI,Ikaalinen,Luhalahden Autohuolto om. Hannu Seppä ja kumpp,08.05.2018,,61.7751804,23.2761196,"Luhalahdentie 2325 P, Luhalahdentie 2325, 39410 Ikaalinen, Suomi",Luhalahdentie 2325 P,2325,Luhalahdentie,39410,,,,Ikaalinen,Pirkanmaa,Suomi,fi,0.9,1,1,1,© OpenStreetMap contributors,Open Database License,https://www.openstreetmap.org/copyright
3273222-2,1075352,Kahvila Raatihuone,Raatihuoneentori 1,49400,HAMINA,Hamina,Cafe Crisp n' Sweet Oy,03.09.2022,,60.56966,27.198045,"Raatihuoneentori 1, 49400 Hamina, Suomi",Raatihuone,1,Raatihuoneentori,49400,Meltti,Kymenlaakso,Hamina,Hamina,Etelä-Suomi,Suomi,fi,0.9,1,1,1,© OpenAddresses contributors,BSD-3-Clause License,
2651791-3,1059724,Taproom OlutMylly Forssa,Yrittäjänkaari 17,30420,FORSSA,Forssa,OlutMylly Oy,13.03.2018,,60.80602815,23.607926683628865,"Yrittäjänkaari 17, 30420 Forssa, Suomi",,17,Yrittäjänkaari,30420,Pikku-Muolaa,,,Forssa,Kanta-Häme,Suomi,fi,0.9,1,1,1,© OpenStreetMap contributors,Open Database License,https://www.openstreetmap.org/copyright
2303186-2,1042365,Rauhalahti Bowling,Kartanonkatu 11,70700,KUOPIO,Kuopio,Keilailu- ja Viihdekeskus Rauhalahti Oy,14.10.2012,,62.8650866,27.6348952,"Kartanonkatu 11, 70700 Kuopio, Suomi",Kartanonkatu,11,Kartanonkatu,70700,Särkilahti,,,Kuopio,Pohjois-Savo,Suomi,fi,0.9,1,1,1,© OpenStreetMap contributors,Open Database License,https://www.openstreetmap.org/copyright
2223346-2,30030337,Rastigaisa,Utsjoentie 4,99980,UTSJOKI,Utsjoki,JPF Palvelut Oy,26.04.2018,,69.9069847,27.0242875,"Pub Rastigaisa, Utsjoentie 4, 99980 Utsjoki, Suomi",Pub Rastigaisa,4,Utsjoentie,99980,,,,Utsjoki,Lappi,Suomi,fi,0.9,1,1,1,© OpenStreetMap contributors,Open Database License,https://www.openstreetmap.org/copyright
3088401-1,1068482,Konnichiwa,Karhumäenkatu 6,55120,IMATRA,Imatra,Hui Hong Oy,01.06.2020,,61.1892759,28.762114776237517,"Car wash, Karhumäenkatu 6, 55120 Imatra, Suomi",Car wash,6,Karhumäenkatu,55120,Paajala,,Mansikkala,Imatra,Etelä-Karjala,Suomi,fi,0.9,1,1,1,© OpenStreetMap contributors,Open Database License,https://www.openstreetmap.org/copyright
1960784-9,30019407,Olutravintola Sillansuu,Verkkosaarenkatu 1,57100,SAVONLINNA,Savonlinna,Olutravintola Sillansuu Oy,30.03.2018,,61.8695161,28.8831402,"Olutravintola Sillansuu, Verkkosaarenkatu 1, 57100 Savonlinna, Suomi",Olutravintola Sillansuu,1,Verkkosaarenkatu,57100,Savola,,Savonlinna,Savonlinna,Etelä-Savo,Suomi,fi,1,1,1,1,© OpenStreetMap contributors,Open Database License,https://www.openstreetmap.org/copyright
0907956-0,1006868,Jalasjoen Nuorisoseura,Murronharjuntie,31950,SADONMAA,Punkalaidun,"Jalasjoen Nuorisoseura ry ",01.03.2018,,61.0043702,23.0144776,"Sadonmaa (Loimaa), Varsinais-Suomi, Suomi",,,,,,,,Loimaa,Varsinais-Suomi,Suomi,fi,0.25,1,,,© OpenStreetMap contributors,Open Database License,https://www.openstreetmap.org/copyright
3459326-2,30888496,Galaxy time,Kalevantie 30,20520,TURKU,Turku,Itäharjun Ravintola Oy,14.08.2025,,60.449296000000004,22.317222830994048,"Kalevantie 30, 20520 Turku, Suomi",,30,Kalevantie,20520,Itäharju,,Nummi-Halinen,Turku,Varsinais-Suomi,Suomi,fi,0.9,1,1,1,© OpenStreetMap contributors,Open Database License,https://www.openstreetmap.org/copyright
1447914-7,1059795,Scandic Kaisaniemi,Kaisaniemenkatu 7,100,HELSINKI,Helsinki,Scandic Hotels Oy,20.03.2018,,60.1717388,24.947974,"Scandic Kaisaniemi, Kaisaniemenkatu 7, 00100 Helsinki, Suomi",Scandic Kaisaniemi,7,Kaisaniemenkatu,00100,Kluuvi,,Eteläinen suurpiiri,Helsinki,Uusimaa,Suomi,fi,1,1,1,1,© OpenStreetMap contributors,Open Database License,https://www.openstreetmap.org/copyright
1617185-9,30883777,VIP Kino Juhani ja Kino Juha,Pratikankuja 3,1900,NURMIJÄRVI,Nurmijärvi,Monimediatalo Mediagents Oy,12.02.2024,,60.4629928,24.8046954,"Säästöpankki, Pratikankuja 3, 01900 Nurmijärvi, Suomi",Säästöpankki,3,Pratikankuja,01900,Krannila,,,Nurmijärvi,Uusimaa,Suomi,fi,0.9,1,1,1,© OpenStreetMap contributors,Open Database License,https://www.openstreetmap.org/copyright
2249795-1,1035015,Kulturhuset Karelia,Skillnadsgatan 11,10600,TAMMISAARI,Raasepori,Föreningen Kulturhuset Karelia i Ekenäs rf,01.03.2018,,59.975983,23.438451,"Skillnadsgatan 11, 10600 Tammisaari, Suomi",,11,Skillnadsgatan,10600,,Uusimaa,Raasepori,Tammisaari,Etelä-Suomi,Suomi,fi,0.9,1,1,1,© OpenAddresses contributors,BSD-3-Clause License,
2154411-1,30883080,"Pizzeria 450°/Gelateria Nuvole ",Eerikinkatu 15,20100,TURKU,Turku,Nuvole Oy,02.10.2023,,60.4502711,22.264946014965545,"Antintalo, Eerikinkatu 15, 20100 Turku, Suomi",Antintalo,15,Eerikinkatu,20100,Keskusta,,Puolalanmäki,Turku,Varsinais-Suomi,Suomi,fi,0.9,1,1,1,© OpenStreetMap contributors,Open Database License,https://www.openstreetmap.org/copyright
2362621-7,30889341,Ihkun Kisabaari,Kauppatori,90100,OULU,Oulu,Tunturiviihde Oy,06.02.2026,08.02.2026,65.01386895,25.46486816582525,"Oulun kauppatori, Kaarlenväylä, 90100 Oulu, Suomi",Oulun kauppatori,,Kaarlenväylä,90100,I Pokkinen,,Ydinkeskusta,Oulu,Pohjois-Pohjanmaa,Suomi,fi,0.45,1,0.9,,© OpenStreetMap contributors,Open Database License,https://www.openstreetmap.org/copyright
3298685-5,30888635,Hamptown Burger(Hamptown Bar & kitchen),"Raatihuoneenkatu 25 ",13100,HÄMEENLINNA,Hämeenlinna,Linnan Burger Oy,13.09.2025,,60.9952919,24.4618284,"Popino, Raatihuoneenkatu 25, 13100 Hämeenlinna, Suomi",Popino,25,Raatihuoneenkatu,13100,Keskusta,,Hämeenlinna,Hämeenlinna,Kanta-Häme,Suomi,fi,0.9,1,1,1,© OpenStreetMap contributors,Open Database License,https://www.openstreetmap.org/copyright
2402266-9,1044942,Ravintola Salpimienta,Fleminginkatu 7 B,530,HELSINKI,Helsinki,Salpimienta Oy,02.07.2013,,60.1848693,24.9534525,"Fleminginkatu 7, 00530 Helsinki, Suomi",Fleminginkatu,7,Fleminginkatu,00530,Kallio,Uusimaa,Keskinen suurpiiri,Helsinki,Uusimaa,Suomi,fi,1,1,1,1,© OpenStreetMap contributors,Open Database License,https://www.openstreetmap.org/copyright
0597511-4,1057577,Konditoria-Café St. Honoré,Laurinkatu 49 B,8100,LOHJA,Lohja,Konditoria St. Honore Oy,01.03.2018,,60.249431,24.064042,"Konditoria St. Honore, Laurinkatu 49 B, 08100 Lohja, Suomi",Konditoria St. Honore,49 B,Laurinkatu,08100,Ahtsalmi,Uusimaa,Lohja,Lohja,Etelä-Suomi,Suomi,fi,0.9,1,1,1,© OpenStreetMap contributors,Open Database License,https://www.openstreetmap.org/copyright
0997436-2,1011517,Ylöjärven keilahalli,Koulutie 6,33470,YLÖJÄRVI,Ylöjärvi,Art Pin Oy,01.03.2014,,61.5519342,23.592035042366128,"Ylöjärven pienoisgolf, Koulutie 6, 33470 Ylöjärvi, Suomi",Ylöjärven pienoisgolf,6,Koulutie,33470,Urkonmäki,,,Ylöjärvi,Pirkanmaa,Suomi,fi,0.9,1,1,1,© OpenStreetMap contributors,Open Database License,https://www.openstreetmap.org/copyright
0162170-6,1064734,Pub Vahti,Koskenparras 5,55100,IMATRA,Imatra,Etelä-Karjalan Osuuskauppa,25.05.1971,,61.1716419,28.7698582,"Intersport, Koskenparras 5, 55100 Imatra, Suomi",Intersport,5,Koskenparras,55100,Imatrankoski,,Imatrankoski,Imatra,Etelä-Karjala,Suomi,fi,0.9,1,1,1,© OpenStreetMap contributors,Open Database License,https://www.openstreetmap.org/copyright
2330775-0,1034882,Ravintolalaiva Barco,Eteläranta,28100,PORI,Pori,Bar&co Pori Oy,20.05.2010,,61.49046268539313,21.79282694606307,"Eteläranta, 28100 Pori, Suomi",Eteläranta,,Eteläranta,28100,Teljä,,,Pori,Satakunta,Suomi,fi,0.5,1,1,,© OpenStreetMap contributors,Open Database License,https://www.openstreetmap.org/copyright
3501730-4,30886729,Kurk Golf,Kuperkeikantie 20,2550,EVITSKOG,Kirkkonummi,Golf Range Operator Finland Oy,01.03.2025,,60.181069,24.388182,"Kuperkeikantie 20, 02550 Kirkkonummi, Suomi",,20,Kuperkeikantie,02550,,Uusimaa,,Kirkkonummi,Etelä-Suomi,Suomi,fi,0.855,1,1,1,© OpenAddresses contributors,BSD-3-Clause License,
3528844-6,30888774,Diivas Juurileipä Oy,Kauppaneuvoksenkatu 2,35800,MÄNTTÄ,Mänttä-Vilppula,Diivas juurileipä Oy,01.10.2025,,62.0282957,24.624651,"Kauppaneuvoksenkatu 2, 35800 Mänttä-Vilppula, Suomi",Kauppaneuvoksenkatu,2,Kauppaneuvoksenkatu,35800,Koskela,,,Mänttä-Vilppula,Pirkanmaa,Suomi,fi,0.9,1,1,1,© OpenStreetMap contributors,Open Database License,https://www.openstreetmap.org/copyright
1009418-6,1273968,SF-Caravan Keski-Pohjanmaan Kioski,Ahontie 3,69440,LESTIJÄRVI,Lestijärvi,SF-Caravan Keski-Pohjanmaa ry,01.03.2018,,63.56155674429916,24.692511674826093,"Ahontie 3, 69440 Lestijärvi, Suomi",Ahontie,3,Ahontie,69440,,,,Lestijärvi,Keski-Pohjanmaa,Suomi,fi,0.45,1,1,0,© OpenStreetMap contributors,Open Database License,https://www.openstreetmap.org/copyright
2154418-9,1073802,Södra Altan WHA,Wiklöf Holding Arena,22100,MARIEHAMN,Maarianhamina - Mariehamn,IFK Mariehamn Ab,23.03.2022,,60.1039242,19.93362054765518,"Wiklöf Holding Arena, Idrottsgatan, 22100 Maarianhamina, Suomi",Wiklöf Holding Arena,,Idrottsgatan,22100,Vreten,Ahvenanmaa,Vreten,Maarianhamina,Ahvenanmaan maakunta,Suomi,fi,0.1388888888888889,1,0.2777777777777778,,© OpenStreetMap contributors,Open Database License,https://www.openstreetmap.org/copyright
3240170-6,1072608,Sysmän Matkabaari,Sysmäntie 51,19700,SYSMÄ,Sysmä,Matkabaari Oy,01.01.2022,,61.5024382,25.6852139,"Sysmäntie 51, 19700 Sysmä, Suomi",Sysmäntie,51,Sysmäntie,19700,,,,Sysmä,Päijät-Häme,Suomi,fi,0.9,1,1,1,© OpenStreetMap contributors,Open Database License,https://www.openstreetmap.org/copyright
0162170-6,1011158,Ravintola Rosso Imatrankoski,Koskenparras 1,55100,IMATRA,Imatra,Etelä-Karjalan Osuuskauppa,25.09.2000,,61.1707158,28.7718733,"Rosso Imatra, Koskenparras 1, 55100 Imatra, Suomi",Rosso Imatra,1,Koskenparras,55100,Imatrankoski,,Imatrankoski,Imatra,Etelä-Karjala,Suomi,fi,0.9,1,1,1,© OpenStreetMap contributors,Open Database License,https://www.openstreetmap.org/copyright
3447274-3,30886936,Ravintola Damlatas,Kirkkotie 2,90830,HAUKIPUDAS,Oulu,Ravintola Damlatas Oy,01.04.2025,,65.1771643,25.3526853,"Ravintola Damlatas, Kirkkotie 2, 90830 Oulu, Suomi",Ravintola Damlatas,2,Kirkkotie,90830,,,,Oulu,Pohjois-Pohjanmaa,Suomi,fi,1,1,1,1,© OpenStreetMap contributors,Open Database License,https://www.openstreetmap.org/copyright
0536307-0,30057150,Ravintola Puisto,"Koskipuisto, Hämeenkatu 14 a",33100,TAMPERE,Tampere,Pirkanmaan Osuuskauppa,11.11.2018,,61.498348,23.766035,"Hämeenkatu 14, 33100 Tampere, Suomi",,14,Hämeenkatu,33100,Kyttälä,Pirkanmaa,Tampere,Tampere,Länsi ja Sisä-Suomi,Suomi,fi,0.9,1,1,1,© OpenAddresses contributors,BSD-3-Clause License,
3405710-1,30884832,Ravintola Nonla,Itäkatu 1-7,930,HELSINKI,Helsinki,HiLe Ravintolat Oy,03.06.2024,,60.21170635,25.082940003982113,"Kauppakeskus Itis, Itäkatu 1-7, 00930 Helsinki, Suomi",Kauppakeskus Itis,1-7,Itäkatu,00930,Itäkeskus,,Itäinen suurpiiri,Helsinki,Uusimaa,Suomi,fi,0.9,1,1,1,© OpenStreetMap contributors,Open Database License,https://www.openstreetmap.org/copyright
3434367-7,30885054,Santas Little Village / Hotel Uitonniemi,Uitonniementie 2,98100,KEMIJÄRVI,Kemijärvi,Santa's Little Village Oy,18.06.2024,,66.7186246,27.420827847596797,"Uitonniementie 2, 98100 Kemijärvi, Suomi",,2,Uitonniementie,98100,,,,Kemijärvi,Lappi,Suomi,fi,0.9,1,1,1,© OpenStreetMap contributors,Open Database License,https://www.openstreetmap.org/copyright
2953537-5,30063484,Wanha Kupittaa,Kauppias Hammarin katu 38,20700,TURKU,Turku,Kupittaan Kapakka Oy,02.01.2019,,60.4364169,22.2939355,"Wanha Kupittaa, Kauppias Hammarin katu 38, 20720 Turku, Suomi",Wanha Kupittaa,38,Kauppias Hammarin katu,20720,Vasaramäki,,Skanssi-Uittamo,Turku,Varsinais-Suomi,Suomi,fi,1,1,1,1,© OpenStreetMap contributors,Open Database License,https://www.openstreetmap.org/copyright
1567535-0,1012014,Faculty Club Biomedicum Helsinki,Hartmaninkatu 8,290,HELSINKI,Helsinki,HUS-yhtymä,20.04.2001,,60.159553149999994,24.882999643814742,"vanha puhelinkeskus, Kauppaneuvoksentie 8, 00200 Helsinki, Suomi",vanha puhelinkeskus,8,Kauppaneuvoksentie,00200,Lauttasaari,Uusimaa,Eteläinen suurpiiri,Helsinki,Uusimaa,Suomi,fi,0.2647058823529412,1,0.29411764705882354,0.29411764705882354,© OpenStreetMap contributors,Open Database License,https://www.openstreetmap.org/copyright
2913769-2,1061447,Kyläkahvila Onni,Pyhtääntie 14,49270,PYHTÄÄ,Pyhtää,KyläKahvila Onni,13.06.2018,,60.4916602,26.5444456,"Kyläkahvila Onni, Pyhtääntie 14, 49270 Pyhtää, Suomi",Kyläkahvila Onni,14,Pyhtääntie,49270,,,,Pyhtää,Kymenlaakso,Suomi,fi,1,1,1,1,© OpenStreetMap contributors,Open Database License,https://www.openstreetmap.org/copyright
2874017-4,1071998,Pizzeria Aalto,Parviaisentie 3A,40900,SÄYNÄTSALO,Jyväskylä,TehFin Oy,22.07.2021,,62.1385786,25.765802385480875,"Parviaisentie 3a, 40900 Jyväskylä, Suomi",,3a,Parviaisentie,40900,,,Säynätsalo,Jyväskylä,Keski-Suomi,Suomi,fi,0.9,1,1,1,© OpenStreetMap contributors,Open Database License,https://www.openstreetmap.org/copyright
3169305-7,1071963,Som Tam Enjoy Thai Food,Sammalkalliontie 6 C,2210,ESPOO,Espoo,Som Tam Enjoy Thai food,01.08.2021,,60.1757558,24.7349895,"Som Tam, Sammalkalliontie 6C, 02210 Espoo, Suomi",Som Tam,6C,Sammalkalliontie,02210,Olari,,Suur-Matinkylä,Espoo,Uusimaa,Suomi,fi,0.9,1,1,1,© OpenStreetMap contributors,Open Database License,https://www.openstreetmap.org/copyright
2425425-9,1058173,Ravintola Flyygeli,Sairaalakatu 7,1400,VANTAA,Vantaa,"Foibe Oy ",01.09.2017,,60.3325547,25.0616918,"Ravintola Flyygeli, Sairaalakatu 7, 01400 Vantaa, Suomi",Ravintola Flyygeli,7,Sairaalakatu,01400,Asola,,Koivukylän suuralue,Vantaa,Uusimaa,Suomi,fi,1,1,1,1,© OpenStreetMap contributors,Open Database License,https://www.openstreetmap.org/copyright
1252711-7,1053841,Vanaha Navetta,Huhmarintie 10,84100,YLIVIESKA,Ylivieska,Markku Päivärinta T:mi,01.06.2016,,64.01731,24.709431,"Huhmarintie 10, 84100 Ylivieska, Suomi",,10,Huhmarintie,84100,,Pohjois-Pohjanmaa,,Ylivieska,Pohjois-Suomi,Suomi,fi,0.9,1,1,1,© OpenAddresses contributors,BSD-3-Clause License,
0511442-9,30062007,Harriniva Oy,Harrinivantie,99300,MUONIO,Muonio,Harriniva Oy,04.07.2018,,67.93230870497266,23.659203252791336,"Harrinivantie, 99301 Muonio, Suomi",Harrinivantie,,Harrinivantie,99301,,,,Muonio,Lappi,Suomi,fi,0.5,1,1,,© OpenStreetMap contributors,Open Database License,https://www.openstreetmap.org/copyright
1067445-5,1797596,m/s Koski,Matkustajasatama,70100,KUOPIO,Kuopio,Koski-Laiva Oy,11.07.1998,,62.8913783039886,27.684902863817662,"70100 Kuopio, Suomi",,,,70100,,,,Kuopio,Pohjois-Savo,Suomi,fi,0.25,1,,,© OpenStreetMap contributors,Open Database License,https://www.openstreetmap.org/copyright
2112598-8,30888795,Dylan Raspberry,Itämerentori 2,180,HELSINKI,Helsinki,Toothpicks and Honey Oy,31.10.2025,,60.1640241,24.9138467,"Itämerentori 2, 00180 Helsinki, Suomi",,2,Itämerentori,00180,Ruoholahti,,Eteläinen suurpiiri,Helsinki,Uusimaa,Suomi,fi,1,1,1,1,© OpenStreetMap contributors,Open Database License,https://www.openstreetmap.org/copyright
2224112-0,1030499,Hotelli Koskenniska,Turuntie 1,30100,FORSSA,Forssa,Torento Oy,01.01.2009,,60.813941,23.6206601,"Hotelli Koskenniska, Turuntie 1, 30300 Forssa, Suomi",Hotelli Koskenniska,1,Turuntie,30300,Tölö,,Keskusta,Forssa,Kanta-Häme,Suomi,fi,1,1,1,1,© OpenStreetMap contributors,Open Database License,https://www.openstreetmap.org/copyright
2093132-0,1025415,Stundars / Ravintola Hemmer,Stundarsintie 5,65450,SULVA,Mustasaari,Vaasa Ravintolat Oy,16.04.2007,,63.013629,21.6437635,"Stundarsintie 5, 65450 Sulva, Suomi",Stundarsintie,5,Stundarsintie,65450,Stundars,,,Sulva,Pohjanmaa,Suomi,fi,0.9,1,1,1,© OpenStreetMap contributors,Open Database License,https://www.openstreetmap.org/copyright
1106504-5,1054063,Road Cafe Yttis,Ytterkullantie 1,25870,DRAGSFJÄRD,Kemiönsaari,Fire Ice And Aero FIAA Oy,01.03.2018,,60.0715442,22.473886,"Road cafe Yttis, Ytterkullantie 1, 25870 Dragsfjärd, Suomi",Road cafe Yttis,1,Ytterkullantie,25870,Kulla,,,Dragsfjärd,Varsinais-Suomi,Suomi,fi,1,1,1,1,© OpenStreetMap contributors,Open Database License,https://www.openstreetmap.org/copyright
3098089-8,1067282,Ullakko,"Eerikinkatu 8, 3 krs.",20100,TURKU,Turku,Eerikin Ullakko Oy,19.12.2019,,60.4516782,22.2699127,"Ullakko, Eerikinkatu 8, 20100 Turku, Suomi",Ullakko,8,Eerikinkatu,20100,Keskusta,,Aninkaistenmäki,Turku,Varsinais-Suomi,Suomi,fi,1,1,1,1,© OpenStreetMap contributors,Open Database License,https://www.openstreetmap.org/copyright
1896229-1,1033051,Teatteriravintola Ankkuri,Alfredinkatu 2,26100,RAUMA,Rauma,Fresco Ravintolat Oy,08.09.2009,,61.126723999999996,21.503629581896774,"Rauman teatteri, Alfredinkatu 2, 26100 Rauma, Suomi",Rauman teatteri,2,Alfredinkatu,26100,Tarvonsaari,,,Rauma,Satakunta,Suomi,fi,0.9,1,1,1,© OpenStreetMap contributors,Open Database License,https://www.openstreetmap.org/copyright
3244830-1,1073553,El Diablito,Hovioikeudenpuistikko 19,65100,VAASA,Vaasa,Oy Restorm Ab,25.03.2022,,63.0970941,21.6175835,"Hovioikeudenpuistikko 19, 65100 Vaasa, Suomi",Hovioikeudenpuistikko,19,Hovioikeudenpuistikko,65100,Keskusta 4,,Vaasa,Vaasa,Pohjanmaa,Suomi,fi,0.9,1,1,1,© OpenStreetMap contributors,Open Database License,https://www.openstreetmap.org/copyright
1771143-1,30042321,Olutsalonki Black Door,Iso Roobertinkatu 1,120,HELSINKI,Helsinki,Momentin Restaurants Oy,21.03.2018,,60.16418635,24.943688109595723,"Iso Roobertinkatu 1, 00120 Helsinki, Suomi",,1,Iso Roobertinkatu,00120,Punavuori,,Eteläinen suurpiiri,Helsinki,Uusimaa,Suomi,fi,1,1,1,1,© OpenStreetMap contributors,Open Database License,https://www.openstreetmap.org/copyright
2292036-9,30887800,Bon Marin,Konikarvontie 204,85180,RAHJA,Kalajoki,Blue Sea and Sky Oy,02.06.2025,,64.21266493182623,23.702802503524822,"Konikarvontie, 85180 Kalajoki, Suomi",Konikarvontie,,Konikarvontie,85180,,,,Kalajoki,Pohjois-Pohjanmaa,Suomi,fi,0.5,1,1,,© OpenStreetMap contributors,Open Database License,https://www.openstreetmap.org/copyright
2849611-6,1062148,Cafe & Bar Lemon,Kauppalantie 22,320,HELSINKI,Helsinki,MR-ravintolat Oy,01.08.2018,,60.2121492,24.8978735,"Kauppalantie 22, 00320 Helsinki, Suomi",,22,Kauppalantie,00320,Haaga,Uusimaa,Läntinen suurpiiri,Helsinki,Uusimaa,Suomi,fi,1,1,1,1,© OpenStreetMap contributors,Open Database License,https://www.openstreetmap.org/copyright
3427044-7,30884115,Mono sushi,Hämeentie 58-60,500,HELSINKI,Helsinki,Dan My Oy,04.04.2024,,60.1882355,24.9631039,"Mono sushi, Hämeentie 58-60, 00500 Helsinki, Suomi",Mono sushi,58-60,Hämeentie,00500,Alppiharju,,Keskinen suurpiiri,Helsinki,Uusimaa,Suomi,fi,1,1,1,1,© OpenStreetMap contributors,Open Database License,https://www.openstreetmap.org/copyright
3177726-9,1070494,Hannele's Bar & Bistro,Mäentakusenkatu 1,33580,TAMPERE,Tampere,Hannele's Bar & Bistro Oy,30.03.2021,,61.49711945,23.889303354473903,"K-Citymarket, Mäentakusenkatu 1, 33580 Tampere, Suomi",K-Citymarket,1,Mäentakusenkatu,33580,Linnainmaa,,Koillinen suuralue,Tampere,Pirkanmaa,Suomi,fi,0.9,1,1,1,© OpenStreetMap contributors,Open Database License,https://www.openstreetmap.org/copyright
3002166-2,30884637,"Ninan keittiö Ravintola Akseli ",Ilmalankuja 3,240,HELSINKI,Helsinki,Koutafood Oy,17.06.2024,15.06.2026,60.20647005,24.920556818644922,"Ilmalankuja 3, 00240 Helsinki, Suomi",,3,Ilmalankuja,00240,Pasila,,Keskinen suurpiiri,Helsinki,Uusimaa,Suomi,fi,1,1,1,1,© OpenStreetMap contributors,Open Database License,https://www.openstreetmap.org/copyright
2012865-0,1027395,Motelli Tervakuksa,Tervola,95300,TERVOLA,Tervola,Tervakuksa Oy,01.03.2018,,66.0822914,24.8058841,"Tervola, Lappi, Suomi",,,,95300,,,,Tervola,Lappi,Suomi,fi,0.25,1,,,© OpenStreetMap contributors,Open Database License,https://www.openstreetmap.org/copyright
2259509-2,1055431,On The Rocks,Fleminginkatu 26-28,510,HELSINKI,Helsinki,"On The Rocks, Helsinki Oy",30.12.2016,,60.1888461,24.952613,"Fleminginkatu 26, 00510 Helsinki, Suomi",,26,Fleminginkatu,00510,Alppiharju,,Keskinen suurpiiri,Helsinki,Uusimaa,Suomi,fi,0.81,1,1,0.9,© OpenStreetMap contributors,Open Database License,https://www.openstreetmap.org/copyright
2676277-5,30056924,Sarfvik Beach Club,Siltaranta 8,2390,SARVVIK,Kirkkonummi,JVdeal OY,03.04.2020,,60.1558431,24.6096758,"Sarfvik Beach Club, Siltaranta 8, 02390 Kirkkonummi, Suomi",Sarfvik Beach Club,8,Siltaranta,02390,Sarvvik,,Itäinen Kirkkonummi,Kirkkonummi,Uusimaa,Suomi,fi,1,1,1,1,© OpenStreetMap contributors,Open Database License,https://www.openstreetmap.org/copyright
2518738-5,30045720,Woolshed Bar & Kitchen,Töölönlahdenkatu 3,100,HELSINKI,Helsinki,Koala Bar Oy,23.04.2018,,60.173678800000005,24.939271560910427,"KPMG, Töölönlahdenkatu 3, 00100 Helsinki, Suomi",KPMG,3,Töölönlahdenkatu,00100,Keskusta,,Eteläinen suurpiiri,Helsinki,Uusimaa,Suomi,fi,0.9,1,1,1,© OpenStreetMap contributors,Open Database License,https://www.openstreetmap.org/copyright
1881951-6,1055069,Restaurang Nautical,Hamngatan 2,22100,MARIEHAMN,Maarianhamina - Mariehamn,Restaurang Nautical Ab,09.03.2004,,60.0972474,19.9265269,"Ahvenanmaan merenkulkumuseo, Hamngatan 2, 22100 Maarianhamina, Suomi",Ahvenanmaan merenkulkumuseo,2,Hamngatan,22100,Dalberg,Ahvenanmaa,Dalberg,Maarianhamina,Ahvenanmaan maakunta,Suomi,fi,0.9,1,1,1,© OpenStreetMap contributors,Open Database License,https://www.openstreetmap.org/copyright
2583011-5,1047398,Pancho Villa Oulu,Kauppurienkatu 6-8,90100,OULU,Oulu,LiljaB Oy,10.06.2014,,65.01021630002913,25.47598304989343,"Kauppurienkatu, 90100 Oulu, Suomi",Kauppurienkatu,,Kauppurienkatu,90100,II Vaara,,,Oulu,Pohjois-Pohjanmaa,Suomi,fi,0.5,1,1,,© OpenStreetMap contributors,Open Database License,https://www.openstreetmap.org/copyright
1021564-6,30048437,Kokous- ja kylpylähotelli Kasnäs,Kasnäsvägen 1294,25930,KASNÄS,Kemiönsaari,Ab Kasnäsudden Oy,06.06.2018,,59.922452,22.408241,"Kasnäsvägen 1294, 25930 Kemiönsaari, Suomi",,1294,Kasnäsvägen,25930,,Varsinais-Suomi,,Kemiönsaari,Lounais-Suomi,Suomi,fi,0.855,1,1,1,© OpenAddresses contributors,BSD-3-Clause License,
3548761-3,30889376,Burger Compan Hernesaari,Hernesaarenkatu 17,150,HELSINKI,Helsinki,Hamburg Haus Oy,17.01.2026,,60.1564965,24.930571,"Hernesaarenkatu 17, 00150 Helsinki, Suomi",,17,Hernesaarenkatu,00150,Hernesaari,,Eteläinen suurpiiri,Helsinki,Uusimaa,Suomi,fi,1,1,1,1,© OpenStreetMap contributors,Open Database License,https://www.openstreetmap.org/copyright
2227993-8,1039956,Ravintola-Pizzeria Manu,Ollinkalliontie 3,92100,RAAHE,Raahe,Manu Grilli-Pizza-Kebap,01.03.2018,,64.6775201,24.4864974,"Ollinkalliontie 3, 92130 Raahe, Suomi",Ollinkalliontie,3,Ollinkalliontie,92130,Ollinsaari,,Raahe,Raahe,Pohjois-Pohjanmaa,Suomi,fi,0.9,1,1,1,© OpenStreetMap contributors,Open Database License,https://www.openstreetmap.org/copyright
2921762-5,1062238,Ravintola Resunga,Seurantie 1,1800,KLAUKKALA,Nurmijärvi,Beni Ravintolat Oy,21.08.2018,,60.3783455,24.7553362,"JS Jalkine, Seurantie 1, 01800 Klaukkala, Suomi",JS Jalkine,1,Seurantie,01800,Viirinlaakso,,,Klaukkala,Uusimaa,Suomi,fi,0.9,1,1,1,© OpenStreetMap contributors,Open Database License,https://www.openstreetmap.org/copyright
3330209-9,30887971,Ravintola - kahvila Thure,Raatihuoneenkatu 24,75500,NURMES,Nurmes,Ravintola - kahvila Thure,14.07.2025,,63.541196049999996,29.13786610561462,"Nurmeksen rautatieasema, Raatihuoneenkatu 24, 75500 Nurmes, Suomi",Nurmeksen rautatieasema,24,Raatihuoneenkatu,75500,Kauppala,,,Nurmes,Pohjois-Karjala,Suomi,fi,0.9,1,1,1,© OpenStreetMap contributors,Open Database License,https://www.openstreetmap.org/copyright
2321674-4,1034602,Bar Milja,Karjalantie 25,53300,LAPPEENRANTA,Lappeenranta,Tumppi Oy,30.03.2010,,61.070402,28.2628337,"R-Kioski, Karjalantie 25, 53300 Lappeenranta, Suomi",R-Kioski,25,Karjalantie,53300,Lauritsala,,,Lappeenranta,Etelä-Karjala,Suomi,fi,0.9,1,1,1,© OpenStreetMap contributors,Open Database License,https://www.openstreetmap.org/copyright
2884189-9,30883920,Karkelon Tähti,Konalantie 2,370,HELSINKI,Helsinki,Sakina Tayaba Oy,01.04.2024,07.04.2026,60.2251223,24.8542747,"Karkelon Tähti, Konalantie 2, 00370 Helsinki, Suomi",Karkelon Tähti,2,Konalantie,00370,Pitäjänmäki,,Läntinen suurpiiri,Helsinki,Uusimaa,Suomi,fi,1,1,1,1,© OpenStreetMap contributors,Open Database License,https://www.openstreetmap.org/copyright
0225959-3,1776754,Risulahden Tanssilava,Saarentie 94,54530,LUUMÄKI,Luumäki,Luumäen Pojat r.y.,01.03.2018,,60.964271749999995,27.77820821293796,"Risulahden lava, Saarentie 94, 54530 Jurvala, Suomi",Risulahden lava,94,Saarentie,54530,,,Jurvalanharju,Jurvala,Etelä-Karjala,Suomi,fi,0.9,1,1,1,© OpenStreetMap contributors,Open Database License,https://www.openstreetmap.org/copyright
3206925-6,1072398,Kouvot Basket Pub,Huovihongantie 5,45200,KOUVOLA,Kouvola,Kouvot Basket Oy,02.10.2021,,60.876877,26.728501,"Huovihongantie 5, 45200 Kouvola, Suomi",,5,Huovihongantie,45200,,Kymenlaakso,Kouvola,Kouvola,Etelä-Suomi,Suomi,fi,0.9,1,1,1,© OpenAddresses contributors,BSD-3-Clause License,
2245981-6,30882098,Roast rouhea ravintola,Tammelan puistokatu 34,33100,TAMPERE,Tampere,Priima-Ravintolat Oy,01.07.2023,,61.4993909,23.7793543,"Amadeus Music Bar, Tammelan puistokatu 34, 33100 Tampere, Suomi",Amadeus Music Bar,34,Tammelan puistokatu,33100,Tammela,,Keskustan suuralue,Tampere,Pirkanmaa,Suomi,fi,0.9,1,1,1,© OpenStreetMap contributors,Open Database License,https://www.openstreetmap.org/copyright
0926233-0,1004019,Kahvila Myllypub,Kalliontie 17,85500,NIVALA,Nivala,Kahvila Myllypub Oy,18.06.1998,,63.930794,24.959338,"MyllyPub, Kalliontie 17, 85500 Nivala, Suomi",MyllyPub,17,Kalliontie,85500,,Pohjois-Pohjanmaa,Nivala,Nivala,Pohjois-Suomi,Suomi,fi,0.9,1,1,1,© OpenAddresses contributors,BSD-3-Clause License,
2709251-5,30881296,Finlayson Meetings,Satakunnankatu 18 A,33210,TAMPERE,Tampere,Innovation Home Oy,02.05.2023,,61.5011506,23.7612917,"Roof Walk Finlayson Area, Satakunnankatu 18A, 33210 Tampere, Suomi",Roof Walk Finlayson Area,18A,Satakunnankatu,33210,Tammerkoski,,Keskustan suuralue,Tampere,Pirkanmaa,Suomi,fi,0.9,1,1,1,© OpenStreetMap contributors,Open Database License,https://www.openstreetmap.org/copyright
2952993-6,1063948,Ravintola Ranta-Aitta,Jokikatu 8,6100,PORVOO,Porvoo,Oy Borgå Smakboden Ab,05.04.2019,,60.3941981,25.65839682942942,"Jokikatu 8, 06100 Porvoo, Suomi",,8,Jokikatu,06100,Vanha Porvoo,,,Porvoo,Uusimaa,Suomi,fi,0.9,1,1,1,© OpenStreetMap contributors,Open Database License,https://www.openstreetmap.org/copyright
3201853-9,1073351,Hogo Huone,"Viides linja 7, LT 62",530,HELSINKI,Helsinki,Hogo Hammer Oy,15.03.2022,,60.1830292,24.9543267,"HogoHuone, Viides linja 7, 00530 Helsinki, Suomi",HogoHuone,7,Viides linja,00530,Kallio,,Keskinen suurpiiri,Helsinki,Uusimaa,Suomi,fi,1,1,1,1,© OpenStreetMap contributors,Open Database License,https://www.openstreetmap.org/copyright
2945357-2,1063547,Ravintola Konnichiwa,Otaniementie 12,2150,ESPOO,Espoo,Vicky Hui Oy,01.02.2019,,60.184862800000005,24.825035408243945,"A Bloc, Otaniementie 12, 02150 Espoo, Suomi",A Bloc,12,Otaniementie,02150,Otaniemi,,Suur-Tapiola,Espoo,Uusimaa,Suomi,fi,0.9,1,1,1,© OpenStreetMap contributors,Open Database License,https://www.openstreetmap.org/copyright
2802946-2,1056031,FAF,Bankgatan 6,66900,UUSIKAARLEPYY,Uusikaarlepyy,Indican invest Ab,01.03.2017,,63.523034,22.528843,"Bankgatan 6, 66900 Uusikaarlepyy, Suomi",,6,Bankgatan,66900,,Pohjanmaa,Uusikaarlepyy,Uusikaarlepyy,Länsi ja Sisä-Suomi,Suomi,fi,0.9,1,1,1,© OpenAddresses contributors,BSD-3-Clause License,
3423049-6,30883946,Ravintola Napoli,"Puutarhakatu 20 ",20100,TURKU,Turku,Kielo & kumpp. Oy,25.03.2024,,60.449435,22.25274072538265,"Untamola, Puutarhakatu 20, 20100 Turku, Suomi",Untamola,20,Puutarhakatu,20100,Keskusta,,Puolalanmäki,Turku,Varsinais-Suomi,Suomi,fi,0.9,1,1,1,© OpenStreetMap contributors,Open Database License,https://www.openstreetmap.org/copyright
2370168-6,30886730,Jolene Happy Bar Vaasa,Hovioikeudenpuistikko 13,65100,VAASA,Vaasa,Tulikuuma Kumpu Oy,26.02.2025,,63.0962278,21.613338,"TK Engineering Oy, Hovioikeudenpuistikko 13, 65100 Vaasa, Suomi",TK Engineering Oy,13,Hovioikeudenpuistikko,65100,Keskusta 3,,Vaasa,Vaasa,Pohjanmaa,Suomi,fi,0.9,1,1,1,© OpenStreetMap contributors,Open Database License,https://www.openstreetmap.org/copyright
2033270-7,1071921,Bistro Kirkkopuisto,Kauppakatu 16A,40100,JYVÄSKYLÄ,Jyväskylä,Yöpuu Yhtiö Oy,13.08.2021,,62.2408584,25.7445194,"Kauppakatu 16a, 40100 Jyväskylä, Suomi",Kauppakatu,16a,Kauppakatu,40100,1. kaupunginosa,,Kantakaupunki,Jyväskylä,Keski-Suomi,Suomi,fi,0.9,1,1,1,© OpenStreetMap contributors,Open Database License,https://www.openstreetmap.org/copyright
0192936-4,1069774,Sallan Keilahallin kahvio,Teollisuustie 4,98900,SALLA,Salla,Sallan kunta,01.12.2020,,66.8383535,28.681228884821707,"Teollisuustie 4, 98900 Salla, Suomi",,4,Teollisuustie,98900,,,,Salla,Lappi,Suomi,fi,0.9,1,1,1,© OpenStreetMap contributors,Open Database License,https://www.openstreetmap.org/copyright
2899464-1,30061252,KasiTori,Untamontie 62,23800,LAITILA,Laitila,KasiTori Oy,22.05.2018,,60.906212,21.637646,"Untamontie 62, 23800 Laitila, Suomi",,62,Untamontie,23800,,Varsinais-Suomi,,Laitila,Lounais-Suomi,Suomi,fi,0.9,1,1,1,© OpenAddresses contributors,BSD-3-Clause License,
3184661-5,30070421,Saariston Puoti,Saaristontie 25,83160,TUTJUNNIEMI,Liperi,Ämmykkä Oy,15.04.2021,,62.4058788,29.6048926,"83160 Tutjunniemi (Liperi), Suomi",,,,83160,,,,Liperi,Pohjois-Karjala,Suomi,fi,0.25,1,,,© OpenStreetMap contributors,Open Database License,https://www.openstreetmap.org/copyright
0658353-4,1087629,Veikkaus Arena / Restel Ravintolat Oy,Areenakuja 1,240,HELSINKI,Helsinki,Restel Ravintolat Oy,10.04.1997,,60.1666204,24.9435408,"Helsinki, Uusimaa, Suomi",,,,,,,,Helsinki,Uusimaa,Suomi,fi,0.25,1,,,© OpenStreetMap contributors,Open Database License,https://www.openstreetmap.org/copyright
0963587-0,1069781,Kammi,Muoniontie 955,99130,SIRKKA,Kittilä,Polar Lights Tours Oy,01.12.2020,,67.81514374730261,24.79053657730958,"Muoniontie, 99130 Sirkka, Suomi",Muoniontie,,Muoniontie,99130,,,,Sirkka,Lappi,Suomi,fi,0.5,1,1,,© OpenStreetMap contributors,Open Database License,https://www.openstreetmap.org/copyright
3458246-7,30885494,Feng Wei,Ostostie 4,940,HELSINKI,Helsinki,Chao Hong Oy,12.08.2024,,60.2371058,25.0839167,"Ostostie 4, 00940 Helsinki, Suomi",,4,Ostostie,00940,Kontula,,Itäinen suurpiiri,Helsinki,Uusimaa,Suomi,fi,1,1,1,1,© OpenStreetMap contributors,Open Database License,https://www.openstreetmap.org/copyright
0967717-3,1013660,Arena Center Myllypuro,Alakiventie 2,920,HELSINKI,Helsinki,Arena Center Oy,08.10.2002,,60.2209235,25.0798591,"Arena Center Myllypuro, Alakiventie 2, 00920 Helsinki, Suomi",Arena Center Myllypuro,2,Alakiventie,00920,Vartiokylä,Uusimaa,Itäinen suurpiiri,Helsinki,Uusimaa,Suomi,fi,1,1,1,1,© OpenStreetMap contributors,Open Database License,https://www.openstreetmap.org/copyright
2471456-9,30070727,Kärppälän maneesin kahvio,Kärppälänraitti 112,38220,SASTAMALA,Sastamala,Partnos Oy,30.04.2021,,61.371849,23.1044282,"Kärppälänraitti 112, 38220 Kärppälä, Suomi",Kärppälänraitti,112,Kärppälänraitti,38220,,,,Kärppälä,Pirkanmaa,Suomi,fi,0.9,1,1,1,© OpenStreetMap contributors,Open Database License,https://www.openstreetmap.org/copyright
0545300-9,1771678,Neste kahvila Otava,Hirvensalmentie 2,50670,OTAVA,Mikkeli,Otavan Autohuolto Ky,01.03.2018,,61.6437193,27.0762289,"Neste Truck Mikkeli Otava, Hirvensalmentie 2, 50670 Mikkeli, Suomi",Neste Truck Mikkeli Otava,2,Hirvensalmentie,50670,,,,Mikkeli,Etelä-Savo,Suomi,fi,0.9,1,1,1,© OpenStreetMap contributors,Open Database License,https://www.openstreetmap.org/copyright
3233807-3,1072495,Villa Royal,Kortejärventie 200,38470,SASTAMALA,Sastamala,Villeria Oy,15.10.2021,,61.5508637,22.9624606,"Villa Royal, Kortejärventie 200, 38470 Murto, Suomi",Villa Royal,200,Kortejärventie,38470,,,,Murto,Pirkanmaa,Suomi,fi,1,1,1,1,© OpenStreetMap contributors,Open Database License,https://www.openstreetmap.org/copyright
0568724-3,1777149,St 1-aseman kahvila Rantakylä,Rantakyläntie 2,50600,MIKKELI,Mikkeli,Oy Oilkase Ab,01.03.2018,,61.6761305,27.2003362,"St1 Rantakylä, Rantakyläntie 2, 50600 Mikkeli, Suomi",St1 Rantakylä,2,Rantakyläntie,50600,Rantakylä,,Mikkeli,Mikkeli,Etelä-Savo,Suomi,fi,0.9,1,1,1,© OpenStreetMap contributors,Open Database License,https://www.openstreetmap.org/copyright
3212507-8,30071660,Kotipizza Töölönkatu,Töölönkatu 27,260,HELSINKI,Helsinki,Black Pizza Oy,22.06.2021,,60.1801809,24.9251706,"Kuu, Töölönkatu 27, 00260 Helsinki, Suomi",Kuu,27,Töölönkatu,00260,Töölö,,Eteläinen suurpiiri,Helsinki,Uusimaa,Suomi,fi,0.9,1,1,1,© OpenStreetMap contributors,Open Database License,https://www.openstreetmap.org/copyright
2901083-5,1063707,Säästökulman Baari,Kauppatie 48,29900,MERIKARVIA,Merikarvia,Merikarvian Säästökulma Oy,08.02.2019,,61.8601566,21.5064535,"Säästökulman Baari, Kauppatie 48, 29900 Merikarvia, Suomi",Säästökulman Baari,48,Kauppatie,29900,,,,Merikarvia,Satakunta,Suomi,fi,1,1,1,1,© OpenStreetMap contributors,Open Database License,https://www.openstreetmap.org/copyright
0227033-8,30886701,Tuoppi-Kellari,Kauppakatu 15,74100,IISALMI,Iisalmi,Tuoppi-Kellari Oy,27.02.2025,,63.5575889,27.189359,"Bar & Cafe Graceville, Kauppakatu 15, 74100 Iisalmi, Suomi",Bar & Cafe Graceville,15,Kauppakatu,74100,Rohmula,,,Iisalmi,Pohjois-Savo,Suomi,fi,0.9,1,1,1,© OpenStreetMap contributors,Open Database License,https://www.openstreetmap.org/copyright
1092757-1,1871327,Kokkolan Keilakahvio,Kaarlelankatu 55,67100,KOKKOLA,Kokkola,Keilatrio Oy,01.03.2018,,63.84557185,23.132213075194397,"Uintikeskus VesiVeijari, Kaarlelankatu 55, 67100 Kokkola, Suomi",Uintikeskus VesiVeijari,55,Kaarlelankatu,67100,Pohjois-Hakalahti,,Kotimetsä,Kokkola,Keski-Pohjanmaa,Suomi,fi,0.9,1,1,1,© OpenStreetMap contributors,Open Database License,https://www.openstreetmap.org/copyright
1665103-5,1068800,Café Conrad,Muhostie 88,91800,TYRNÄVÄ,Tyrnävä,Galleria Conrad,30.06.2020,,64.7818896,25.799395013395536,"Galleria Conrad, Muhostie 88, 91800 Tyrnävä, Suomi",Galleria Conrad,88,Muhostie,91800,,,,Tyrnävä,Pohjois-Pohjanmaa,Suomi,fi,0.9,1,1,1,© OpenStreetMap contributors,Open Database License,https://www.openstreetmap.org/copyright
3590236-2,30889463,LaMero Restaurant,Malminkaari 13-15,700,HELSINKI,Helsinki,Alberto Food Oy,26.02.2026,,60.2515917,25.013784053819062,"Kauppakeskus Malmin Nova, Malminkaari 13-19, 00700 Helsinki, Suomi",Kauppakeskus Malmin Nova,13-19,Malminkaari,00700,Malmi,,Koillinen suurpiiri,Helsinki,Uusimaa,Suomi,fi,0.855,1,1,0.95,© OpenStreetMap contributors,Open Database License,https://www.openstreetmap.org/copyright
0842478-0,30033023,Tundrea,Kilpisjärventie 14188,99490,KILPISJÄRVI,Enontekiö,Kilpisjärven Loma Oy,01.04.2018,,69.0165527,20.8732059,"99490 Kilpisjärvi (Enontekiö), Suomi",,,,99490,,,,Enontekiö,Lappi,Suomi,fi,0.25,1,,,© OpenStreetMap contributors,Open Database License,https://www.openstreetmap.org/copyright
3120431-3,30068075,Sofia Ravintola,Aleksanterinkatu 28,170,HELSINKI,Helsinki,Helsinki Group Oy,08.12.2020,,60.1687733,24.951373916999998,"Kiseleffin talo, Aleksanterinkatu 28, 00170 Helsinki, Suomi",Kiseleffin talo,28,Aleksanterinkatu,00170,Kruununhaka,,Eteläinen suurpiiri,Helsinki,Uusimaa,Suomi,fi,0.9,1,1,1,© OpenStreetMap contributors,Open Database License,https://www.openstreetmap.org/copyright
2060554-1,1032092,Kolkonlahden Kesäkahvio,Altaanmaantie 327,51940,HÄRKÄLÄ,Juva,Anja Hietaneva,01.03.2018,,61.9373848,28.245326414441998,"Altaanmaantie 327, 51940 Rantasalmi, Suomi",,327,Altaanmaantie,51940,,,,Rantasalmi,Etelä-Savo,Suomi,fi,0.855,1,1,1,© OpenStreetMap contributors,Open Database License,https://www.openstreetmap.org/copyright
3211203-1,1074832,Meijerin Maitobaari,Sysmäntie 16,19700,SYSMÄ,Sysmä,Sysmän Meijerinranta Oy,01.07.2022,,61.4998008,25.692991305149942,"Lintan Kammari, Sysmäntie 16, 19700 Sysmä, Suomi",Lintan Kammari,16,Sysmäntie,19700,,,,Sysmä,Päijät-Häme,Suomi,fi,0.9,1,1,1,© OpenStreetMap contributors,Open Database License,https://www.openstreetmap.org/copyright
2798588-2,1061169,Taalintehdas ST1,Rantatie 1,25900,TAALINTEHDAS,Kemiönsaari,Saaristo Yhtiöt Oy,06.05.2019,,60.0193355,22.5103077,"Marina, Rantatie 1, 25900 Taalintehdas, Suomi",Marina,1,Rantatie,25900,Byholmen,,,Taalintehdas,Varsinais-Suomi,Suomi,fi,0.9,1,1,1,© OpenStreetMap contributors,Open Database License,https://www.openstreetmap.org/copyright
2370168-6,1057832,Letkunpuiston Helmi,Uusikatu 23,90100,OULU,Oulu,Tulikuuma Kumpu Oy,21.07.2017,,65.0118619,25.4762859,"Letkunpuiston Helmi, Uusikatu 23, 90100 Oulu, Suomi",Letkunpuiston Helmi,23,Uusikatu,90100,II Vaara,,,Oulu,Pohjois-Pohjanmaa,Suomi,fi,1,1,1,1,© OpenStreetMap contributors,Open Database License,https://www.openstreetmap.org/copyright
1475873-6,1044262,Restaurang Pommern,Norragatan 8-10,22100,MARIEHAMN,Maarianhamina - Mariehamn,Åland Hotel Group ÅHG Ab,29.04.2013,,60.09862219682876,19.93666891213007,"Norragatan, 22100 Maarianhamina, Suomi",Norragatan,,Norragatan,22100,Storängen,Ahvenanmaa,Storängen,Maarianhamina,Ahvenanmaan maakunta,Suomi,fi,0.5,1,1,,© OpenStreetMap contributors,Open Database License,https://www.openstreetmap.org/copyright
1087979-2,1056604,Cafe & Grill Paseo,Itälahdenkatu 1 A,210,HELSINKI,Helsinki,Raksa Catering Oy,03.05.2017,,60.1475805,24.8828658,"Itälahdenkatu 1, 00210 Helsinki, Suomi",,1,Itälahdenkatu,00210,Lauttasaari,,Eteläinen suurpiiri,Helsinki,Uusimaa,Suomi,fi,1,1,1,1,© OpenStreetMap contributors,Open Database License,https://www.openstreetmap.org/copyright
1100440-2,1040519,Koko Teatteri,Hämeentie 3,530,HELSINKI,Helsinki,KokoTeatteri-yhdistys ry,03.02.2012,,60.1807591,24.9532954,"KokoTeatteri, Hämeentie 3, 00530 Helsinki, Suomi",KokoTeatteri,3,Hämeentie,00530,Kallio,,Keskinen suurpiiri,Helsinki,Uusimaa,Suomi,fi,1,1,1,1,© OpenStreetMap contributors,Open Database License,https://www.openstreetmap.org/copyright
2027847-2,1023838,Ravintola Teerenpesä,Saariseläntie  5,99830,SAARISELKÄ,Inari,Ravintola Teerenpesä Oy,01.09.2006,,68.4199723,27.41388,"Marimekko, Saariseläntie 5, 99830 Saariselkä, Suomi",Marimekko,5,Saariseläntie,99830,,,,Saariselkä,Lappi,Suomi,fi,0.9,1,1,1,© OpenStreetMap contributors,Open Database License,https://www.openstreetmap.org/copyright
0960702-8,1063282,Rieskapaikka,Nelostie 3312,95355,KOIVU,Tervola,Rieskapaikka Oy,08.03.2002,,66.1665976,25.1578087,"Rieskapaikka, Nelostie 3312, 95355 Tervola, Suomi",Rieskapaikka,3312,Nelostie,95355,,,,Tervola,Lappi,Suomi,fi,1,1,1,1,© OpenStreetMap contributors,Open Database License,https://www.openstreetmap.org/copyright
2950033-2,30884799,Hokkaido Sushi,Vantaaportinkatu 7,1510,VANTAA,Vantaa,Hokkaido sushibuffet Oy,28.06.2024,,60.292997,25.0435254,"Vantaa, Uusimaa, Suomi",,,,,,,,Vantaa,Uusimaa,Suomi,fi,0.25,1,,,© OpenStreetMap contributors,Open Database License,https://www.openstreetmap.org/copyright
3439207-3,30884655,Ravintola Havanna,Lappeentie 12,55100,IMATRA,Imatra,Fin Helsink Oy,21.05.2024,,61.1711591,28.7681276,"Havanna Pizza Kebab, Lappeentie 12, 55100 Imatra, Suomi",Havanna Pizza Kebab,12,Lappeentie,55100,Imatrankoski,,Imatrankoski,Imatra,Etelä-Karjala,Suomi,fi,0.9,1,1,1,© OpenStreetMap contributors,Open Database License,https://www.openstreetmap.org/copyright
0658353-4,1052895,Rax Ideapark Oulu,Ritaharjuntie 49,90540,OULU,Oulu,Restel Ravintolat Oy,01.03.2018,,65.0761354,25.44565158977966,"Ideapark, Ritaharjuntie 49, 90540 Oulu, Suomi",Ideapark,49,Ritaharjuntie,90540,Ritaharju,,,Oulu,Pohjois-Pohjanmaa,Suomi,fi,0.9,1,1,1,© OpenStreetMap contributors,Open Database License,https://www.openstreetmap.org/copyright
3229934-2,30072590,Pub Old Mates Tampere,Sumeliuksenkatu 18,33100,TAMPERE,Tampere,Vanhat Toverit Oy,15.04.2022,31.01.2026,61.4955145,23.7768107,"Malike-keskus, Sumeliuksenkatu 18, 33100 Tampere, Suomi",Malike-keskus,18,Sumeliuksenkatu,33100,Tulli,,Keskustan suuralue,Tampere,Pirkanmaa,Suomi,fi,0.9,1,1,1,© OpenStreetMap contributors,Open Database License,https://www.openstreetmap.org/copyright
2247004-6,1056769,Aura,Hevoskarintie 23,20100,TURKU,Turku,Rederi Ab Fakir,27.06.2017,,60.435529849999995,22.20538605085747,"Ruissalon telakka, Hevoskarintie 23, 20100 Turku, Suomi",Ruissalon telakka,23,Hevoskarintie,20100,Keskusta,,Ruissalo,Turku,Varsinais-Suomi,Suomi,fi,0.9,1,1,1,© OpenStreetMap contributors,Open Database License,https://www.openstreetmap.org/copyright
3330376-1,30882350,El Hose,Simppoonkatu 1,33230,TAMPERE,Tampere,Greenfest Oy,03.07.2023,,61.503448170616664,23.725986201603934,"Simppoonkatu 1, 33230 Tampere, Suomi",Simppoonkatu,1,Simppoonkatu,33230,Särkänniemi,,Keskustan suuralue,Tampere,Pirkanmaa,Suomi,fi,0.45,1,1,0,© OpenStreetMap contributors,Open Database License,https://www.openstreetmap.org/copyright
2439278-2,1040263,"1H+Keittiö, Ett rum och kök",Hovrättsesplanaden 13 A,65100,VAASA,Vaasa,Oy Fremast Ab,15.12.2011,,63.09631,21.61321,"Hovrättsesplanaden 13, 65100 Vaasa, Suomi",,13,Hovrättsesplanaden,65100,,Pohjanmaa,Vaasa,Vaasa,Länsi ja Sisä-Suomi,Suomi,fi,0.9,1,1,1,© OpenAddresses contributors,BSD-3-Clause License,
3582954-8,30889472,Ravintola Selen,Kirkkotie 6 LH 2,27100,EURAJOKI,Eurajoki,Pizzeria-ravintola Selen Oy,30.01.2026,,61.2021149,21.7297908,"Eurajoen Säästöpankki, Pääkonttori, Kirkkotie 6, 27100 Eurajoki, Suomi","Eurajoen Säästöpankki, Pääkonttori",6,Kirkkotie,27100,,,Eurajoki,Eurajoki,Satakunta,Suomi,fi,0.9,1,1,1,© OpenStreetMap contributors,Open Database License,https://www.openstreetmap.org/copyright
3251591-4,30889368,Lounaskahvila Omeletti,Suomalaistentie 2,2270,ESPOO,Espoo,Vanhan Liiton Omeletti Oy,14.01.2026,,60.162429,24.7013625,"Lounaskahvila Omeletti, Suomalaistentie 2, 02270 Espoo, Suomi",Lounaskahvila Omeletti,2,Suomalaistentie,02270,Nöykkiö,,Suur-Espoonlahti,Espoo,Uusimaa,Suomi,fi,1,1,1,1,© OpenStreetMap contributors,Open Database License,https://www.openstreetmap.org/copyright
2097784-7,1045311,Vianor Curlingcenter,Käringsundsvägen 85,22270,ECKERÖ,Eckerö,Ålands Curling AB,01.11.2021,,60.2296704,19.55099285,"Vianor curlingcenter, Käringsundsvägen 85, 22270 Eckerö, Suomi",Vianor curlingcenter,85,Käringsundsvägen,22270,,Ahvenanmaa,,Eckerö,Ahvenanmaan maakunta,Suomi,fi,1,1,1,1,© OpenStreetMap contributors,Open Database License,https://www.openstreetmap.org/copyright
2012102-9,1046664,Ravintola Purebite,Hantanpään valtatie 4,33100,TAMPERE,Tampere,Purebite Oy,07.04.2014,,61.496873,23.767485,"Hatanpään Valtatie 4, 33100 Tampere, Suomi",,4,Hatanpään Valtatie,33100,Kyttälä,Pirkanmaa,Tampere,Tampere,Länsi ja Sisä-Suomi,Suomi,fi,0.9,1,1,1,© OpenAddresses contributors,BSD-3-Clause License,
1802985-6,1065256,@EVA,Kauppiaskatu 4,21600,PARAINEN,Parainen,Matmalmen Ab Oy,01.07.2019,,60.2989226,22.3009076,"Matmalmen @Eva, Kauppiaskatu 4, 21600 Parainen, Suomi",Matmalmen @Eva,4,Kauppiaskatu,21600,Keskusta,,Parainen,Parainen,Varsinais-Suomi,Suomi,fi,0.9,1,1,1,© OpenStreetMap contributors,Open Database License,https://www.openstreetmap.org/copyright
3349525-7,30885261,Kyläbaari,Eriksnäsintie 11,1150,SÖDERKULLA,Sipoo,Armandos Oy,04.07.2024,,60.2960273,25.3239603,"KYLÄ BAARI, Eriksnäsintie 11, 01150 Sipoo, Suomi",KYLÄ BAARI,11,Eriksnäsintie,01150,Söderkulla,,Kalliomäki,Sipoo,Uusimaa,Suomi,fi,1,1,1,1,© OpenStreetMap contributors,Open Database License,https://www.openstreetmap.org/copyright
3234570-8,1072447,Liekorannan Kievari,Asemakatu 34,38210,SASTAMALA,Sastamala,Kievarin Herkku Oy,25.10.2021,,61.3482366,22.8883751,"Asemakatu 34, 38210 Vammala, Suomi",Asemakatu,34,Asemakatu,38210,Raivio,,,Vammala,Pirkanmaa,Suomi,fi,0.9,1,1,1,© OpenStreetMap contributors,Open Database License,https://www.openstreetmap.org/copyright
2031380-5,1022590,Haapaniemen Matkailu Oy,Haapaniementie 165,74150,IISALMI,Iisalmi,Haapaniemen Matkailu Oy,21.04.2006,,63.556496,27.019704,"Haapaniementie 165, 74150 Iisalmi, Suomi",,165,Haapaniementie,74150,,Pohjois-Savo,,Iisalmi,Itä-Suomi,Suomi,fi,0.9,1,1,1,© OpenAddresses contributors,BSD-3-Clause License,
0822757-6,1055565,Kantakrouvi,Uusikatu 23,90100,OULU,Oulu,Service Restaurants Oy Oulu,16.04.1998,,65.0116868,25.4765032,"Kantakrouvi, Uusikatu 23, 90100 Oulu, Suomi",Kantakrouvi,23,Uusikatu,90100,II Vaara,,,Oulu,Pohjois-Pohjanmaa,Suomi,fi,1,1,1,1,© OpenStreetMap contributors,Open Database License,https://www.openstreetmap.org/copyright
2231152-0,1056627,Pizzeria Sirena,Livornonkatu 8,220,HELSINKI,Helsinki,FLORI,01.03.2018,,60.157565,24.9160321,"Livornonkatu 8, 00220 Helsinki, Suomi",,8,Livornonkatu,00220,Jätkäsaari,,Eteläinen suurpiiri,Helsinki,Uusimaa,Suomi,fi,1,1,1,1,© OpenStreetMap contributors,Open Database License,https://www.openstreetmap.org/copyright
0212329-0,1069280,Original Sokos Hotel Presidentti,Eteläinen Rautatiekatu 4,100,HELSINKI,Helsinki,Sokotel Oy,01.01.2005,,60.1705978,24.9326073,"Original Sokos Hotel Presidentti, Eteläinen Rautatiekatu 4, 00100 Helsinki, Suomi",Original Sokos Hotel Presidentti,4,Eteläinen Rautatiekatu,00100,Kamppi,,Eteläinen suurpiiri,Helsinki,Uusimaa,Suomi,fi,1,1,1,1,© OpenStreetMap contributors,Open Database License,https://www.openstreetmap.org/copyright
1801682-8,1066291,Lunchrestaurang Tallen,Mannerheimvägen 97,280,HELSINKI,Helsinki,Folkhälsan Välfärd Ab,01.09.2019,,60.198003,24.902477,"Mannerheimvägen 97, 00280 Helsinki, Suomi",,97,Mannerheimvägen,00280,Vanha Ruskeasuo,Uusimaa,Lantinen,Helsinki,Etelä-Suomi,Suomi,fi,0.9,1,1,1,© OpenAddresses contributors,BSD-3-Clause License,
2109303-1,1044365,Camping Tornio,Matkailijantie 9,95420,TORNIO,Tornio,LeiKon Lahti Oy,01.03.2018,,65.8342851,24.1984882,"Matkailijantie 9, 95420 Tornio, Suomi",Matkailijantie,9,Matkailijantie,95420,Kalliopudas,Lappi,Tornio,Tornio,Lappi,Suomi,fi,0.9,1,1,1,,,
2191625-3,1028691,Cafe' Fontana,Aurakatu 1,20100,TURKU,Turku,Restacafe Trading Oy,16.06.2008,,60.4495351,22.268793459934678,"Verdandin talo, Aurakatu 1, 20100 Turku, Suomi",Verdandin talo,1,Aurakatu,20100,Keskusta,,Aninkaistenmäki,Turku,Varsinais-Suomi,Suomi,fi,0.9,1,1,1,© OpenStreetMap contributors,Open Database License,https://www.openstreetmap.org/copyright
2534055-4,1047855,Ulappasilta Pub,Tyynylaavankuja 3 D,980,HELSINKI,Helsinki,PASILAN CAFÉ OY,01.07.2014,,60.2078981,25.1393451,"Tyynylaavankuja 3, 00980 Helsinki, Suomi",,3,Tyynylaavankuja,00980,Vuosaari,,Itäinen suurpiiri,Helsinki,Uusimaa,Suomi,fi,1,1,1,1,© OpenStreetMap contributors,Open Database License,https://www.openstreetmap.org/copyright
1068186-6,1076970,Elämyspuisto GoPark,Kangassaarentie 14,37800,AKAA,Akaa,Viasetti Oy,01.05.2023,,61.1919068,23.9027193,"Kangassaarentie 14, 37800 Toijala, Suomi",Kangassaarentie,14,Kangassaarentie,37800,,,,Toijala,Pirkanmaa,Suomi,fi,0.9,1,1,1,© OpenStreetMap contributors,Open Database License,https://www.openstreetmap.org/copyright
2990696-5,30064859,Rantamakasiini,Paltteentie 13,21160,MERIMASKU,Naantali,Rantamakasiini Oy,24.05.2019,,60.4832636,21.8702448,"Paltteentie 13, 21160 Naantali, Suomi",,13,Paltteentie,21160,Merimaskun kirkonkylä,,,Naantali,Varsinais-Suomi,Suomi,fi,1,1,1,1,© OpenStreetMap contributors,Open Database License,https://www.openstreetmap.org/copyright
1874376-9,1070058,Pub Stallhagen,Getavägen 196,22410,GODBY,Finström,Stallhagen Ab,21.12.2020,,60.24033955,19.96332425337492,"Getavägen 196, 22410 Godby, Suomi",,196,Getavägen,22410,,Ahvenanmaa,,Godby,Ahvenanmaan maakunta,Suomi,fi,0.9,1,1,1,© OpenStreetMap contributors,Open Database License,https://www.openstreetmap.org/copyright
1837957-3,1009347,Sailor's,Laivalahdenkaari 29,810,HELSINKI,Helsinki,HOK-Elanto Liiketoiminta Oy,01.01.2004,,60.1870319,25.030998,"Laivalahdenkaari 29, 00810 Helsinki, Suomi",,29,Laivalahdenkaari,00810,Herttoniemi,Uusimaa,Kaakkoinen suurpiiri,Helsinki,Uusimaa,Suomi,fi,1,1,1,1,© OpenStreetMap contributors,Open Database License,https://www.openstreetmap.org/copyright
0144879-8,30885523,M/S Skiftet Café,Långnäsvägen,22630,LUMPARLAND,Lumparland,Ålands Skärgårdsrederi Ab,01.08.2024,,60.09882358126707,20.26486242323623,"Långnäsvägen, 22630 Krogstad, Suomi",Långnäsvägen,,Långnäsvägen,22630,,Ahvenanmaa,,Krogstad,Ahvenanmaan maakunta,Suomi,fi,0.5,1,1,,© OpenStreetMap contributors,Open Database License,https://www.openstreetmap.org/copyright
3238760-9,30888985,The Grand / Goldfish Cocktailbar,"Korkeavuorenkatu 21 ",130,HELSINKI,Helsinki,SW-Restaurants Oy,04.11.2025,03.11.2026,60.162756,24.9464,"Korkeavuorenkatu 21, 00130 Helsinki, Suomi",,21,Korkeavuorenkatu,00130,Ullanlinna,,Eteläinen suurpiiri,Helsinki,Uusimaa,Suomi,fi,1,1,1,1,© OpenStreetMap contributors,Open Database License,https://www.openstreetmap.org/copyright
2818335-5,30885951,Ravintola Patarouva,Pispalan valtatie 120,33270,TAMPERE,Tampere,Calos Oy,17.10.2024,,61.50835705,23.669986719290243,"Pispalan valtatie 120, 33270 Tampere, Suomi",,120,Pispalan valtatie,33270,Epilä,,Läntinen suuralue,Tampere,Pirkanmaa,Suomi,fi,0.9,1,1,1,© OpenStreetMap contributors,Open Database License,https://www.openstreetmap.org/copyright
3015167-8,30881374,Kirsikkapuisto,Veteraanitie 2,4600,MÄNTSÄLÄ,Mäntsälä,Mäntsälän Autolasi Oy,25.05.2023,,60.5948803,22.9142833,"Mäntsälä (Marttila), Varsinais-Suomi, Suomi",,,,,,,,Marttila,Varsinais-Suomi,Suomi,fi,0.25,1,,,© OpenStreetMap contributors,Open Database License,https://www.openstreetmap.org/copyright
2206698-3,1038463,Cafe Hellman,Friitalantie 11,28400,ULVILA,Ulvila,Porin Pitokokit Oy,15.06.2011,,61.430241800000005,21.86958822637747,"Friitala-talo, Friitalantie 11, 28400 Ulvila, Suomi",Friitala-talo,11,Friitalantie,28400,Friitala,,,Ulvila,Satakunta,Suomi,fi,0.9,1,1,1,© OpenStreetMap contributors,Open Database License,https://www.openstreetmap.org/copyright
0535917-8,1050792,Kosmos,Kalevankatu 3,100,HELSINKI,Helsinki,Ravintola Kosmos Oy,01.01.1960,,60.1680264,24.9397352,"Ravintola Kosmos, Kalevankatu 3, 00100 Helsinki, Suomi",Ravintola Kosmos,3,Kalevankatu,00100,Kamppi,,Eteläinen suurpiiri,Helsinki,Uusimaa,Suomi,fi,0.9,1,1,1,© OpenStreetMap contributors,Open Database License,https://www.openstreetmap.org/copyright
3571704-4,30889269,Gyoza King Kluuvi,Aleksanterinkatu 9,100,HELSINKI,Helsinki,Gyoza Story Oy,15.12.2025,,60.1693226,24.947714,"Aleksanterinkatu 9, 00130 Helsinki, Suomi",,9,Aleksanterinkatu,00130,Keskusta,,Eteläinen suurpiiri,Helsinki,Uusimaa,Suomi,fi,1,1,1,1,© OpenStreetMap contributors,Open Database License,https://www.openstreetmap.org/copyright
2296535-6,1056323,Ravintola Reeti,Rantatie 2,19950,LUHANKA,Luhanka,Luhangan Kyläkauppa Oy,01.05.2017,,61.7964129,25.7039838,"SEO Luhanka, Luhangan Kyläkauppa, Rantatie 2, 19950 Luhanka, Suomi","SEO Luhanka, Luhangan Kyläkauppa",2,Rantatie,19950,,,Hepoluhta,Luhanka,Keski-Suomi,Suomi,fi,0.9,1,1,1,© OpenStreetMap contributors,Open Database License,https://www.openstreetmap.org/copyright
2917098-6,30888868,Hua Du Ruoholahti,Itämerentori 2,180,HELSINKI,Helsinki,Can Ning Oy,01.11.2025,,60.1640241,24.9138467,"Itämerentori 2, 00180 Helsinki, Suomi",,2,Itämerentori,00180,Ruoholahti,,Eteläinen suurpiiri,Helsinki,Uusimaa,Suomi,fi,1,1,1,1,© OpenStreetMap contributors,Open Database License,https://www.openstreetmap.org/copyright
0961890-7,1063713,Svenska Klubben,Maurinkatu 6,170,HELSINKI,Helsinki,Oy Theron Catering Ab,01.02.2019,,60.174081,24.9595675,"Svenska Klubben, Maurinkatu 6, 00170 Helsinki, Suomi",Svenska Klubben,6,Maurinkatu,00170,Kruununhaka,,Eteläinen suurpiiri,Helsinki,Uusimaa,Suomi,fi,1,1,1,1,© OpenStreetMap contributors,Open Database License,https://www.openstreetmap.org/copyright
3008326-5,1068641,Taitotalon Kongressikeskus,Valimotie 8 C,380,HELSINKI,Helsinki,AEL-Amiedu Oy,01.07.2020,,60.2178471,24.8777764,"Valimotie 8, 00380 Helsinki, Suomi",,8,Valimotie,00380,Pitäjänmäki,,Läntinen suurpiiri,Helsinki,Uusimaa,Suomi,fi,1,1,1,1,© OpenStreetMap contributors,Open Database License,https://www.openstreetmap.org/copyright
3442185-8,30884716,upahaar Nepalilainen Ravintola,Laurinkatu 51 b,8100,LOHJA,Lohja,TASTE OF NEPAL OY,01.06.2024,,60.2498344,24.0639614,"Laurinkatu 51, 08100 Lohja, Suomi",Laurinkatu,51,Laurinkatu,08100,Ahtsalmi,,Lohja,Lohja,Uusimaa,Suomi,fi,0.9,1,1,1,© OpenStreetMap contributors,Open Database License,https://www.openstreetmap.org/copyright
3501730-4,30886711,GolfStar Range Leppävaara,Säterinpuistotie 1,2600,ESPOO,Espoo,Golf Range Operator Finland Oy,01.03.2025,,60.2049651,24.6559808,"Espoo (Espoo), Uusimaa, Suomi",,,,2600,,Uusimaa,Espoo,Espoo,Uusimaa,Suomi,fi,0.25,1,,,© OpenStreetMap contributors,Open Database License,https://www.openstreetmap.org/copyright
3164833-6,1070365,Bowling Corner & Billiard,Ojakkalantie 2,1900,NURMIJÄRVI,Nurmijärvi,Bowling Corner Oy,26.03.2021,,60.458465,24.8199556,"Bowling Corner & Billiard, Ojakkalantie 2, 01900 Nurmijärvi, Suomi",Bowling Corner & Billiard,2,Ojakkalantie,01900,Maaniittu,,,Nurmijärvi,Uusimaa,Suomi,fi,1,1,1,1,© OpenStreetMap contributors,Open Database License,https://www.openstreetmap.org/copyright
1003239-9,1009595,ET-PO:N TUPA,Ainiovaara,95600,YLITORNIO,Ylitornio,Etelä-Portimo -72 ry,01.03.2018,,66.3163918,23.719217,"Ainiovaara, 95600 Ylitornio, Suomi",Ainiovaara,,,95600,,Lappi,,Ylitornio,Lappi,Suomi,fi,0.5,1,1,,© OpenStreetMap contributors,Open Database License,https://www.openstreetmap.org/copyright
2912024-1,1061871,Rabbit Hole,Ragnar Granitin aukio,11100,RIIHIMÄKI,Riihimäki,Chill Ravintolat Oy,12.07.2018,,60.7386741,24.77475828318385,"Ragnar Granitin aukio, 11110 Riihimäki, Suomi",Ragnar Granitin aukio,,Ragnar Granitin aukio,11110,Suokylä,,,Riihimäki,Kanta-Häme,Suomi,fi,0.5,1,1,,© OpenStreetMap contributors,Open Database License,https://www.openstreetmap.org/copyright
3395640-4,30884777,"Lovisa Kafferosteri ",Aleksanterinkatu 8,7900,LOVIISA,Loviisa,Ab Kaffe och konsultering Oy,30.05.2024,,60.4572275,26.2237408,"Lovisa Kafferosteri, Aleksanterinkatu 8, 07900 Loviisa, Suomi",Lovisa Kafferosteri,8,Aleksanterinkatu,07900,Rauhala,,,Loviisa,Uusimaa,Suomi,fi,1,1,1,1,© OpenStreetMap contributors,Open Database License,https://www.openstreetmap.org/copyright
3109805-5,1076391,Restaurang Ädelbragd,Slagfältsvägen 130,66800,ORAVAINEN,Vöyri,Mat med Historia Ab,13.01.2023,,63.286258,22.379175,"Slagfältsvägen 130, 66800 Vöyri, Suomi",,130,Slagfältsvägen,66800,,Pohjanmaa,,Vöyri,Länsi ja Sisä-Suomi,Suomi,fi,0.855,1,1,1,© OpenAddresses contributors,BSD-3-Clause License,
2423215-6,1049629,Metsästys ja Karting Paratiisi Oy,Tuomikatu 23,53850,LAPPEENRANTA,Lappeenranta,Metsästys ja Karting Paratiisi Oy,01.03.2018,,61.040026600000004,28.113398547511807,"Sako Shooting Center, Tuomikatu 23, 53810 Lappeenranta, Suomi",Sako Shooting Center,23,Tuomikatu,53810,Kuusimäki,,,Lappeenranta,Etelä-Karjala,Suomi,fi,0.9,1,1,1,© OpenStreetMap contributors,Open Database License,https://www.openstreetmap.org/copyright
0282524-1,1069922,Ravintola Metsämäki,Vanha Tampereentie 235,20380,TURKU,Turku,Turun Hippos ry,01.01.1998,,60.493652749999995,22.349357200288388,"Metsämäen ravirata, Vanha Tampereentie 235, 20380 Turku, Suomi",Metsämäen ravirata,235,Vanha Tampereentie,20380,Tasto,,Maaria-Paattinen,Turku,Varsinais-Suomi,Suomi,fi,0.9,1,1,1,© OpenStreetMap contributors,Open Database License,https://www.openstreetmap.org/copyright
3365301-6,30882198,Lagos Sport Bar,Humikkalanrinne 1,940,HELSINKI,Helsinki,Lagos Sport Bar Oy,21.06.2023,,60.235359,25.1002375,"Humikkalanrinne 1, 01280 Helsinki, Suomi",,1,Humikkalanrinne,01280,Mellunkylä,,Itäinen suurpiiri,Helsinki,Uusimaa,Suomi,fi,1,1,1,1,© OpenStreetMap contributors,Open Database License,https://www.openstreetmap.org/copyright
2323133-8,30884986,Kujalan Outdoor / Kotaravintola,"Tukkitie ",90480,HAILUOTO,Hailuoto,Kujalan Herkku Oy,17.06.2024,,65.0041490408813,24.639614722990576,"Tukkitie, 90480 Hailuoto, Suomi",Tukkitie,,Tukkitie,90480,,Pohjois-Pohjanmaa,,Hailuoto,Pohjois-Pohjanmaa,Suomi,fi,0.5,1,1,,© OpenStreetMap contributors,Open Database License,https://www.openstreetmap.org/copyright
3380455-8,30885042,Thai Noodle,Pursimiehenkatu 12,150,HELSINKI,Helsinki,SoongNakhorn Oy,17.06.2024,,60.1595465,24.9387907,"Pursimiehenkatu 12, 00150 Helsinki, Suomi",,12,Pursimiehenkatu,00150,Punavuori,Uusimaa,Eteläinen suurpiiri,Helsinki,Uusimaa,Suomi,fi,1,1,1,1,© OpenStreetMap contributors,Open Database License,https://www.openstreetmap.org/copyright
0783651-3,1037531,m/s Doris II,Kauppatori,170,HELSINKI,Helsinki,IHA-Lines Oy Helsinki Cruises,01.05.2011,,60.1671972,24.953264977,"Kauppatori, 00170 Helsinki, Suomi",Kauppatori,,Kauppatori,00170,Kaartinkaupunki,,Eteläinen suurpiiri,Helsinki,Uusimaa,Suomi,fi,1,1,1,,© OpenStreetMap contributors,Open Database License,https://www.openstreetmap.org/copyright
0162170-6,1069378,Kehruuhuone,Kristiinankatu 20,53900,LAPPEENRANTA,Lappeenranta,Etelä-Karjalan Osuuskauppa,01.09.2020,,61.0670395,28.182498355019906,"Kehruuhuone, Kristiinankatu 20, 53900 Lappeenranta, Suomi",Kehruuhuone,20,Kristiinankatu,53900,Rapasaari,,,Lappeenranta,Etelä-Karjala,Suomi,fi,1,1,1,1,© OpenStreetMap contributors,Open Database License,https://www.openstreetmap.org/copyright
2827929-3,1063130,Japanilainen Ravintola Juku,Hovioikeudenpuistikko 16,65100,VAASA,Vaasa,Ravintola Juku Oy,20.11.2018,,63.0966399,21.61812,"Omena-hotelli Vaasa, Hovioikeudenpuistikko 16, 65100 Vaasa, Suomi",Omena-hotelli Vaasa,16,Hovioikeudenpuistikko,65100,Keskusta 4,,Vaasa,Vaasa,Pohjanmaa,Suomi,fi,0.9,1,1,1,© OpenStreetMap contributors,Open Database License,https://www.openstreetmap.org/copyright
2032977-8,1040718,Suzan Pizzeria,Rautkallionkatu 3,1360,VANTAA,Vantaa,Suayip Pizza Kebab T:mi,01.03.2018,,60.3229715,25.0646422,"Suzan Pizzeria, Rautkallionkatu 3, 01360 Vantaa, Suomi",Suzan Pizzeria,3,Rautkallionkatu,01360,Havukoski,,Koivukylän suuralue,Vantaa,Uusimaa,Suomi,fi,1,1,1,1,© OpenStreetMap contributors,Open Database License,https://www.openstreetmap.org/copyright
0839754-0,30883643,Ravintola Reppumies,Sorakuja 2,71800,SIILINJÄRVI,Siilinjärvi,Siilin Autovaruste Oy,01.02.2024,,63.0719216,27.6617453,"Intersport, Sorakuja 2, 71800 Siilinjärvi, Suomi",Intersport,2,Sorakuja,71800,Siilinpää,,Asemanseutu,Siilinjärvi,Pohjois-Savo,Suomi,fi,0.9,1,1,1,© OpenStreetMap contributors,Open Database License,https://www.openstreetmap.org/copyright
3232475-5,1072968,Pepper Bar & Restaurant - Nokia,Välikatu 18,37100,NOKIA,Nokia,Pepper Ravintolat Oy,01.01.2022,,61.4783785,23.5106339,"Nokian 1. apteekki, Välikatu 18, 37100 Nokia, Suomi",Nokian 1. apteekki,18,Välikatu,37100,Lauttala,,Keskustaajama,Nokia,Pirkanmaa,Suomi,fi,0.9,1,1,1,© OpenStreetMap contributors,Open Database License,https://www.openstreetmap.org/copyright
3278768-8,1075640,Villa Severino,Tatti 17,760,HELSINKI,Helsinki,Villa Severino Selema Oy,01.11.2022,,60.275063,25.0789657,"Tatti 17, 01380 Helsinki, Suomi",,17,Tatti,01380,Heikinlaakso,,Koillinen suurpiiri,Helsinki,Uusimaa,Suomi,fi,1,1,1,1,© OpenStreetMap contributors,Open Database License,https://www.openstreetmap.org/copyright
3423947-4,30884016,Kalla,Satama-alue 1,70100,KUOPIO,Kuopio,Kalla Lounge Oy,22.04.2024,,62.8913783039886,27.684902863817662,"70100 Kuopio, Suomi",,,,70100,,,,Kuopio,Pohjois-Savo,Suomi,fi,0.25,1,,,© OpenStreetMap contributors,Open Database License,https://www.openstreetmap.org/copyright
2837337-8,30057587,Surf Shack,Linnankatu 42,20100,TURKU,Turku,The Surf Shack AB,04.06.2018,,60.4440482,22.2521746,"Surf Shack Bar, Linnankatu 42, 20100 Turku, Suomi",Surf Shack Bar,42,Linnankatu,20100,Keskusta,,Kakolanmäki,Turku,Varsinais-Suomi,Suomi,fi,0.9,1,1,1,© OpenStreetMap contributors,Open Database License,https://www.openstreetmap.org/copyright
1869570-1,30884332,Hausjärven Niklandia,Honkarannantie 92,12100,OITTI,Hausjärvi,Hausjärven Niklandia Oy,06.05.2024,,60.7883423,24.977473120165207,"Honkarannantie 92, 12100 Oitti, Suomi",,92,Honkarannantie,12100,,,,Oitti,Kanta-Häme,Suomi,fi,0.9,1,1,1,© OpenStreetMap contributors,Open Database License,https://www.openstreetmap.org/copyright
3459473-2,30887856,Kotka City Marina Oy,Tornatorintie 51,48100,KOTKA,Kotka,Kotka City Marina Oy,03.06.2025,02.06.2026,60.4676424,26.9362777,"Tornatorintie 51, 48100 Kotka, Suomi",Tornatorintie,51,Tornatorintie,48100,Kotkansaari 1,,,Kotka,Kymenlaakso,Suomi,fi,0.9,1,1,1,© OpenStreetMap contributors,Open Database License,https://www.openstreetmap.org/copyright
2323085-3,1066994,Kotipizza Ideapark Lempäälä,Ideaparkinkatu 4,37570,LEMPÄÄLÄ,Lempäälä,Elonpaakari Oy,01.12.2019,,61.363441249999994,23.79540415392118,"Vesimaailma Louhi, Ideaparkinkatu 4, 37570 Lempäälä, Suomi",Vesimaailma Louhi,4,Ideaparkinkatu,37570,Marjamäki,,,Lempäälä,Pirkanmaa,Suomi,fi,0.9,1,1,1,© OpenStreetMap contributors,Open Database License,https://www.openstreetmap.org/copyright
1006404-0,1273765,The Doo-Bop Club,Kauppapuistikko 12,65100,VAASA,Vaasa,The Doo-Bop Club rf,01.03.2018,,63.0965912,21.6147909,"The Doo-Bop Club, Kauppapuistikko 12, 65100 Vaasa, Suomi",The Doo-Bop Club,12,Kauppapuistikko,65100,Keskusta 3,,Vaasa,Vaasa,Pohjanmaa,Suomi,fi,1,1,1,1,© OpenStreetMap contributors,Open Database License,https://www.openstreetmap.org/copyright
2224002-1,1074372,Choco Deli ja Ravintola Massimo,Koskikatu 25,96200,ROVANIEMI,Rovaniemi,Choco Deli Oy,01.06.2022,,66.5028901,25.725270093212337,"Kauppakeskus Rinteenkulma, Koskikatu 25, 96200 Rovaniemi, Suomi",Kauppakeskus Rinteenkulma,25,Koskikatu,96200,Keskusta,,,Rovaniemi,Lappi,Suomi,fi,0.9,1,1,1,© OpenStreetMap contributors,Open Database License,https://www.openstreetmap.org/copyright
2394277-0,1037930,Majatalo Morva,Morvantie 189,42140,JUOKSLAHTI,Jämsä,Maalaishotelli Morva Oy,01.06.2011,,61.9647517,25.2985902,"Majatalo Morva, Morvantie 189, 42140 Jämsä, Suomi",Majatalo Morva,189,Morvantie,42140,,,,Jämsä,Keski-Suomi,Suomi,fi,1,1,1,1,© OpenStreetMap contributors,Open Database License,https://www.openstreetmap.org/copyright
1867962-1,1080101,Kahvila-Ravintola Modetti,Keskustie 14,17500,PADASJOKI,Padasjoki,Karabi Oy,18.12.2003,,61.3512204,25.2777049,"Keskustie 14, 17500 Padasjoki, Suomi",Keskustie,14,Keskustie,17500,Savikko,,,Padasjoki,Päijät-Häme,Suomi,fi,0.9,1,1,1,© OpenStreetMap contributors,Open Database License,https://www.openstreetmap.org/copyright
3231585-9,1074488,IKH Areena,Pikikuja 16,61800,KAUHAJOKI,Kauhajoki,KB Events Oy,15.09.2022,,62.4246218,22.19673734810031,"IKH Areena, Pikikuja 16, 61800 Kauhajoki, Suomi",IKH Areena,16,Pikikuja,61800,Lellava,,,Kauhajoki,Etelä-Pohjanmaa,Suomi,fi,1,1,1,1,© OpenStreetMap contributors,Open Database License,https://www.openstreetmap.org/copyright
2636347-5,1070096,Iikan Grilli,Ouluntie 9,89200,PUOLANKA,Puolanka,Puolangan Osteri Oy,01.02.2021,,64.8686264,27.6691832,"Ouluntie 9, 89201 Puolanka, Suomi",Ouluntie,9,Ouluntie,89201,,Kainuu,Puolanka,Puolanka,Pohjois-Suomi,Suomi,fi,0.9,1,1,1,,,
0915487-4,30069878,Arctic Golf Cafe,Golfkentäntie 43,96600,ROVANIEMI,Rovaniemi,Arctic Golf Oy,02.12.2020,,66.50261765,25.828386211996175,"Santa Claus Golf, Golfkentäntie 43, 96600 Rovaniemi, Suomi",Santa Claus Golf,43,Golfkentäntie,96600,,,,Rovaniemi,Lappi,Suomi,fi,0.9,1,1,1,© OpenStreetMap contributors,Open Database License,https://www.openstreetmap.org/copyright
2848753-5,1073242,Restaurant FRÖJ,Hovrättsesplanaden 19,65100,VAASA,Vaasa,FRÖJ Mat Ab,25.03.2022,,63.097094,21.617583,"Hovioikeudenpuistikko, Hovrättsesplanaden 19, 65100 Vaasa, Suomi",Hovioikeudenpuistikko,19,Hovrättsesplanaden,65100,Keskusta 4,Pohjanmaa,Vaasa,Vaasa,Länsi ja Sisä-Suomi,Suomi,fi,0.9,1,1,1,© OpenAddresses contributors,BSD-3-Clause License,
2538283-4,1073710,M/S Wellamo,Kauppatori/ Kolera-allas,170,HELSINKI,Helsinki,FRS Finland Oy,28.03.2022,,60.16711625,24.952947536349136,"Kolera-allas, 170 Helsinki, Suomi",Kolera-allas,,Kolera-allas,170,Kaartinkaupunki,Uusimaa,Eteläinen suurpiiri,Helsinki,Uusimaa,Suomi,fi,0.6666666666666667,1,0.6666666666666667,,© OpenStreetMap contributors,Open Database License,https://www.openstreetmap.org/copyright
2262740-2,1054886,Pizza-Kebab Heval,Arkkitehdinkatu 9-11,33720,TAMPERE,Tampere,Heval Oy,01.03.2018,,61.4415508,23.8517768,"Kebab-Pizza Heval, Arkkitehdinkatu 9-11, 33720 Tampere, Suomi",Kebab-Pizza Heval,9-11,Arkkitehdinkatu,33720,Hervanta,,Kaakkoinen suuralue,Tampere,Pirkanmaa,Suomi,fi,0.9,1,1,1,© OpenStreetMap contributors,Open Database License,https://www.openstreetmap.org/copyright
0107100-3,30882921,Dagmar Bistro & Wine bar,Dagmarinkatu 4,100,HELSINKI,Helsinki,Oy Botta Ab,15.10.2023,,60.1737146,24.9306198,"Dagmarinkatu 4, 00100 Helsinki, Suomi",,4,Dagmarinkatu,00100,Etu-Töölö,,Eteläinen suurpiiri,Helsinki,Uusimaa,Suomi,fi,1,1,1,1,© OpenStreetMap contributors,Open Database License,https://www.openstreetmap.org/copyright
0910257-2,30027878,Amarillo ja Bar Kohde Lahti,Aleksanterinkatu 10,15110,LAHTI,Lahti,Osuuskauppa Hämeenmaa,14.04.2020,,60.9832444,25.658515,"AFRY, Aleksanterinkatu 10, 15110 Lahti, Suomi",AFRY,10,Aleksanterinkatu,15110,Keski-Lahti,,,Lahti,Päijät-Häme,Suomi,fi,0.9,1,1,1,© OpenStreetMap contributors,Open Database License,https://www.openstreetmap.org/copyright
2115692-8,1026095,Pubi T.T,Ullavantie 3,69300,TOHOLAMPI,Toholampi,PUBI T.T,20.08.2009,,63.7730811,24.2490751,"Keskus Kahvio, Ullavantie 3, 69300 Toholampi, Suomi",Keskus Kahvio,3,Ullavantie,69300,,,,Toholampi,Keski-Pohjanmaa,Suomi,fi,0.9,1,1,1,© OpenStreetMap contributors,Open Database License,https://www.openstreetmap.org/copyright
0108432-2,30065759,Ravintola Kolme Kruunua,Liisankatu 5,170,HELSINKI,Helsinki,GF Finance Oy,02.04.2020,,60.1743731,24.9590926,"Liisankatu 5, 00170 Helsinki, Suomi",,5,Liisankatu,00170,Kruununhaka,,Eteläinen suurpiiri,Helsinki,Uusimaa,Suomi,fi,1,1,1,1,© OpenStreetMap contributors,Open Database License,https://www.openstreetmap.org/copyright
1033527-7,30061496,Ravintola Bar Purje,Laitakarintie 322,29100,LUVIA,Eurajoki,Café Logo Oy,13.06.2018,,61.343876,21.560795,"Laitakarintie 322, 29100 Luvia, Suomi",,322,Laitakarintie,29100,,Satakunnan maakunta,,Luvia,Lounais-Suomi,Suomi,fi,0.9,1,1,1,© OpenAddresses contributors,BSD-3-Clause License,
2923134-7,1062337,Oma SP Areena,Ottelukatu 1,55420,IMATRA,Imatra,Imatran Ketterä Oy,15.08.2018,,61.200453350000004,28.737735043245497,"Imatran jäähalli, Ottelukatu 1, 55420 Imatra, Suomi",Imatran jäähalli,1,Ottelukatu,55420,Ukonniemi,,Mansikkala,Imatra,Etelä-Karjala,Suomi,fi,0.9,1,1,1,© OpenStreetMap contributors,Open Database License,https://www.openstreetmap.org/copyright
1562419-0,1037235,Mani-Baari,Nuoramoistentie 2,17240,KALKKINEN,Asikkala,MANI-BAARI,01.03.2018,,61.2978679,25.6817237,"Mani-Baari, Nuoramoistentie 2, 17240 Asikkala, Suomi",Mani-Baari,2,Nuoramoistentie,17240,,,,Asikkala,Päijät-Häme,Suomi,fi,1,1,1,1,© OpenStreetMap contributors,Open Database License,https://www.openstreetmap.org/copyright
3189487-9,30070839,Ravintola Puumalan Poiju,Satamatie 5,52200,PUUMALA,Puumala,Puumalan Poiju Oy,28.05.2021,,61.5223424,28.175538681455066,"Satamatie 5, 52200 Puumala, Suomi",,5,Satamatie,52200,,,,Puumala,Etelä-Savo,Suomi,fi,0.9,1,1,1,© OpenStreetMap contributors,Open Database License,https://www.openstreetmap.org/copyright
2534003-6,1055269,Ravintola Fatboy,Ahjokatu 20,40320,JYVÄSKYLÄ,Jyväskylä,Ravintola Fatboy,01.03.2018,,62.26061715,25.780270003921316,"Ahjokatu 20, 40320 Jyväskylä, Suomi",,20,Ahjokatu,40320,Kangasvuori,,Huhtasuo,Jyväskylä,Keski-Suomi,Suomi,fi,0.9,1,1,1,© OpenStreetMap contributors,Open Database License,https://www.openstreetmap.org/copyright
1501760-6,30884764,"Cafe Caramel ",Patruunantie 15,62800,VIMPELI,Vimpeli,Rakennuspalvelu Hannu Särkinen Oy,01.07.2024,,63.1612755,23.8230962,"Vimpelin kunnanvirasto, Patruunantie 15, 62800 Vimpeli, Suomi",Vimpelin kunnanvirasto,15,Patruunantie,62800,,,,Vimpeli,Etelä-Pohjanmaa,Suomi,fi,0.9,1,1,1,© OpenStreetMap contributors,Open Database License,https://www.openstreetmap.org/copyright
1952494-7,1058439,Teatro Vaasa,Kauppapuistikko 15,65100,VAASA,Vaasa,NoHo Partners Oyj,17.10.2017,,63.09522,21.6150022,"Sokos Hotel Vaakuna, Kauppapuistikko 15, 65100 Vaasa, Suomi",Sokos Hotel Vaakuna,15,Kauppapuistikko,65100,Keskusta 3,,Vaasa,Vaasa,Pohjanmaa,Suomi,fi,0.9,1,1,1,© OpenStreetMap contributors,Open Database License,https://www.openstreetmap.org/copyright
2745927-6,1052943,Ravintola Nanking,Kalevankatu 28,100,HELSINKI,Helsinki,Jin Fu Oy,01.04.2016,,60.1655857,24.9338161,"Kalevankatu 28, 00100 Helsinki, Suomi",,28,Kalevankatu,00100,Kamppi,Uusimaa,Eteläinen suurpiiri,Helsinki,Uusimaa,Suomi,fi,1,1,1,1,© OpenStreetMap contributors,Open Database License,https://www.openstreetmap.org/copyright
1998713-2,30021469,Cosmic Comic Cafe,Kauppiaskatu 4,20100,TURKU,Turku,Kosmikki Oy,01.06.2020,,60.4507596,22.2691697,"Linna Burgers & Coffee, Kauppiaskatu 4, 20100 Turku, Suomi",Linna Burgers & Coffee,4,Kauppiaskatu,20100,Keskusta,,Aninkaistenmäki,Turku,Varsinais-Suomi,Suomi,fi,0.9,1,1,1,© OpenStreetMap contributors,Open Database License,https://www.openstreetmap.org/copyright
2396811-0,1037457,Bar Explosive,Puistokatu 1,40100,JYVÄSKYLÄ,Jyväskylä,Stonebarrel Oy,07.04.2011,,62.2448659,25.7500133,"Explosive Bar, Puistokatu 1, 40100 Jyväskylä, Suomi",Explosive Bar,1,Puistokatu,40100,Puistola,,Kantakaupunki,Jyväskylä,Keski-Suomi,Suomi,fi,1,1,1,1,© OpenStreetMap contributors,Open Database License,https://www.openstreetmap.org/copyright
1845186-2,1027010,Puijon Pub,Sammakkolammentie 6,70200,KUOPIO,Kuopio,LounasKeisarit Ky,01.10.2007,,62.9022227,27.648688,"S-market, Sammakkolammentie 6, 70200 Kuopio, Suomi",S-market,6,Sammakkolammentie,70200,Puijonlaakso,,,Kuopio,Pohjois-Savo,Suomi,fi,0.9,1,1,1,© OpenStreetMap contributors,Open Database License,https://www.openstreetmap.org/copyright
3261891-3,1075727,St1 Mäntsälä,Pohjoinen Pikatie 1,4600,MÄNTSÄLÄ,Mäntsälä,PK-Seudun liikenneasemat Oy,19.12.2022,,60.5948803,22.9142833,"Mäntsälä (Marttila), Varsinais-Suomi, Suomi",,,,,,,,Marttila,Varsinais-Suomi,Suomi,fi,0.25,1,,,© OpenStreetMap contributors,Open Database License,https://www.openstreetmap.org/copyright
0536307-0,30887601,Tiikerihai,Hämeenkatu 5,33100,TAMPERE,Tampere,Pirkanmaan Osuuskauppa,01.06.2025,,61.4982079,23.7698084,"TammerDent, Hämeenkatu 5, 33100 Tampere, Suomi",TammerDent,5,Hämeenkatu,33100,Kyttälä,,Keskustan suuralue,Tampere,Pirkanmaa,Suomi,fi,0.9,1,1,1,© OpenStreetMap contributors,Open Database License,https://www.openstreetmap.org/copyright
2854003-3,1069519,Ravintola Wok King,Hämeenkatu 9,5800,HYVINKÄÄ,Hyvinkää,Guanyue Oy,23.09.2020,,60.631658349999995,24.86413821110855,"Minetti Hyvinkää, Hämeenkatu 9, 05800 Hyvinkää, Suomi",Minetti Hyvinkää,9,Hämeenkatu,05800,Tehdas,,,Hyvinkää,Uusimaa,Suomi,fi,0.9,1,1,1,© OpenStreetMap contributors,Open Database License,https://www.openstreetmap.org/copyright
3017854-7,1068627,Vinsanvilla,Pöytäniementie 185,34600,RUOVESI,Ruovesi,Vinsanvilla Oy,19.06.2020,,61.957102,24.141034,"Pöytäniementie 185, 34600 Ruovesi, Suomi",Pöytäniementie,185,Pöytäniementie,34600,,Pirkanmaa,,Ruovesi,Länsi ja Sisä-Suomi,Suomi,fi,0.9,1,1,1,,,
0898400-8,1074938,Perhon Seurojentaloyhdistys ry,Vanhainkodintie 2,69950,PERHO,Perho,Perhon Seurojentaloyhdistys ry,28.07.2022,,63.2114854,24.424570679142384,"Seurojentalo, Vanhainkodintie 2, 69950 Perho, Suomi",Seurojentalo,2,Vanhainkodintie,69950,,,Pappilanniemi,Perho,Keski-Pohjanmaa,Suomi,fi,0.9,1,1,1,© OpenStreetMap contributors,Open Database License,https://www.openstreetmap.org/copyright
2406013-9,30883758,Rohki Restaurant & Catering,Tunturintie 16 A4,95970,ÄKÄSLOMPOLO,Kolari,Skafferiet Catering Oy,07.02.2024,,67.6059433,24.1435483,"Tunturintie, 95970 Kolari, Suomi",Tunturintie,,Tunturintie,95970,,,,Kolari,Lappi,Suomi,fi,0.5,1,1,,© OpenStreetMap contributors,Open Database License,https://www.openstreetmap.org/copyright
1952494-7,1052543,American Diner Jumbo,Vantaanportinkatu 3,1510,VANTAA,Vantaa,NoHo Partners Oyj,07.02.2016,,60.291594149999995,24.965677651764707,"Jumbo, Vantaanportinkatu 3, 01510 Vantaa, Suomi",Jumbo,3,Vantaanportinkatu,01510,Pakkala,,Aviapoliksen suuralue,Vantaa,Uusimaa,Suomi,fi,0.9,1,1,1,© OpenStreetMap contributors,Open Database License,https://www.openstreetmap.org/copyright
1921193-2,1061913,Hotelli Sandels,Toritie 1,71800,SIILINJÄRVI,Siilinjärvi,Hotelli Sandels Oy,05.11.2004,,63.07634195,27.660667602928378,"Toritie 1, 71800 Siilinjärvi, Suomi",,1,Toritie,71800,Räisälä,,Asemanseutu,Siilinjärvi,Pohjois-Savo,Suomi,fi,0.9,1,1,1,© OpenStreetMap contributors,Open Database License,https://www.openstreetmap.org/copyright
0820497-2,1045160,Olutravintola Birger,Raatihuoneenkatu 5,13100,HÄMEENLINNA,Hämeenlinna,Mikest 99 Oy,01.04.1999,,60.9969346,24.4695853,"Olutravintola Birger, Raatihuoneenkatu 5, 13100 Hämeenlinna, Suomi",Olutravintola Birger,5,Raatihuoneenkatu,13100,Keskusta,,Hämeenlinna,Hämeenlinna,Kanta-Häme,Suomi,fi,1,1,1,1,© OpenStreetMap contributors,Open Database License,https://www.openstreetmap.org/copyright
2370168-6,30889074,Hemingway's Ylöjärvi,Mikkolantie 1-3,33470,YLÖJÄRVI,Ylöjärvi,Tulikuuma Kumpu Oy,02.12.2025,,61.5489104,23.5968498,"Hiusstudio Tia, Mikkolantie 1-3, 33470 Ylöjärvi, Suomi",Hiusstudio Tia,1-3,Mikkolantie,33470,Pappilanniemi,,,Ylöjärvi,Pirkanmaa,Suomi,fi,0.9,1,1,1,© OpenStreetMap contributors,Open Database License,https://www.openstreetmap.org/copyright
0349512-5,1080330,Herrankukkaro,Luotojentie 245,21140,RYMÄTTYLÄ,Naantali,Herrankukkaro Oy,10.05.2001,,60.3363827,21.98308466423267,"Herrankukkaro, Luotojentie 245, 21140 Naantali, Suomi",Herrankukkaro,245,Luotojentie,21140,,,,Naantali,Varsinais-Suomi,Suomi,fi,1,1,1,1,© OpenStreetMap contributors,Open Database License,https://www.openstreetmap.org/copyright
2922955-4,1063336,Ravintola Tammisto,Sähkötie 8,1510,VANTAA,Vantaa,Tammisto Catering Oy,05.12.2018,,60.2778003,24.9741914,"Ravintola Tammisto, Sähkötie 8, 01510 Vantaa, Suomi",Ravintola Tammisto,8,Sähkötie,01510,Tammisto,,Aviapoliksen suuralue,Vantaa,Uusimaa,Suomi,fi,1,1,1,1,© OpenStreetMap contributors,Open Database License,https://www.openstreetmap.org/copyright
2592668-6,1062662,Messi Pub,Ristiaallokonkatu 4 G,2320,ESPOO,Espoo,AAF Pacific Oy c/o Ahmed Parvez,01.10.2018,,60.1538333,24.6427821,"Messi Pub, Ristiaallokonkatu 4, 02320 Espoo, Suomi",Messi Pub,4,Ristiaallokonkatu,02320,Espoonlahti,,Suur-Espoonlahti,Espoo,Uusimaa,Suomi,fi,1,1,1,1,© OpenStreetMap contributors,Open Database License,https://www.openstreetmap.org/copyright
2972264-8,30882874,Luckiefun's Sushibuffet Hertsi,Insinöörinkatu 2,880,HELSINKI,Helsinki,MMG Li Oy,25.08.2023,,60.1943406,25.0343356,"Insinöörinkatu 2, 00810 Helsinki, Suomi",,2,Insinöörinkatu,00810,Herttoniemi,,Kaakkoinen suurpiiri,Helsinki,Uusimaa,Suomi,fi,1,1,1,1,© OpenStreetMap contributors,Open Database License,https://www.openstreetmap.org/copyright
3470188-4,30889134,Espan Kulma,Eteläesplanadi 22,130,HELSINKI,Helsinki,Lokaatio Ravintolat Oy,21.11.2025,,60.166472,24.9448808,"Eteläesplanadi 22, 00130 Helsinki, Suomi",,22,Eteläesplanadi,00130,Kaartinkaupunki,Uusimaa,Eteläinen suurpiiri,Helsinki,Uusimaa,Suomi,fi,1,1,1,1,© OpenStreetMap contributors,Open Database License,https://www.openstreetmap.org/copyright
3243247-3,1073110,NCF Ravintola,Tammelan puistokatu 36,33100,TAMPERE,Tampere,Lamrav Oy,03.01.2022,,61.4993234,23.7793522,"New Chinese Food, Tammelan puistokatu 36, 33100 Tampere, Suomi",New Chinese Food,36,Tammelan puistokatu,33100,Tammela,,Keskustan suuralue,Tampere,Pirkanmaa,Suomi,fi,0.9,1,1,1,© OpenStreetMap contributors,Open Database License,https://www.openstreetmap.org/copyright
2692648-5,30882679,Edvin Pizza Napoletana,Hans Westerlundin tie 2,2780,ESPOO,Espoo,Nikko Food Oy,25.08.2023,,60.182443,24.6001561,"Edvin Pizza Napoletana, Hans Westerlundin tie 2, 02780 Espoo, Suomi",Edvin Pizza Napoletana,2,Hans Westerlundin tie,02780,Kurttila,,Suur-Kauklahti,Espoo,Uusimaa,Suomi,fi,1,1,1,1,© OpenStreetMap contributors,Open Database License,https://www.openstreetmap.org/copyright
2751986-5,1070231,Jänhiälän Lava,Veromalammentie 12,54100,JOUTSENO,Lappeenranta,Papinniemi Jari Petteri Tmi Jänhiälän Lava,02.08.2021,,61.118416,28.5015488,"54100 Joutseno (Lappeenranta), Suomi",,,,54100,,,,Lappeenranta,Etelä-Karjala,Suomi,fi,0.25,1,,,© OpenStreetMap contributors,Open Database License,https://www.openstreetmap.org/copyright
3306519-3,1075510,Roji Ravintola,Kolmas linja 16 C44 ja C45,530,HELSINKI,Helsinki,V Bistro Oy,24.09.2022,,60.1828462,24.9477319,"Kolmas linja 16, 00530 Helsinki, Suomi",,16,Kolmas linja,00530,Kallio,,Keskinen suurpiiri,Helsinki,Uusimaa,Suomi,fi,1,1,1,1,© OpenStreetMap contributors,Open Database License,https://www.openstreetmap.org/copyright
3105520-7,1067505,Pizza House Cafe,Kivikonkaari 39,940,HELSINKI,Helsinki,Soran House Restaurant,15.02.2021,,60.23387285,25.062033217087773,"Kivikonkaari 39, 00920 Helsinki, Suomi",,39,Kivikonkaari,00920,Mellunkylä,,Itäinen suurpiiri,Helsinki,Uusimaa,Suomi,fi,1,1,1,1,© OpenStreetMap contributors,Open Database License,https://www.openstreetmap.org/copyright
3354911-2,30882201,Cafe Abraham's,Rantatie 14,91900,LIMINKA,Liminka,Cafe Abraham's Oy,27.06.2023,,64.80299545,25.403509440742887,"Limingan museoalue, Rantatie 14, 91900 Liminka, Suomi",Limingan museoalue,14,Rantatie,91900,Vanha-Liminka,,,Liminka,Pohjois-Pohjanmaa,Suomi,fi,0.9,1,1,1,© OpenStreetMap contributors,Open Database License,https://www.openstreetmap.org/copyright
0953136-9,1044725,Hotelli-Ravintola Martinhovi,Martinkatu 6,21200,RAISIO,Raisio,"Mandera Oy ",19.04.1987,,60.4844214,22.1682109,"Martinhovi, Martinkatu 6, 21200 Raisio, Suomi",Martinhovi,6,Martinkatu,21200,Vaisaari,,Tasala,Raisio,Varsinais-Suomi,Suomi,fi,0.9,1,1,1,© OpenStreetMap contributors,Open Database License,https://www.openstreetmap.org/copyright
0873697-9,1070289,0417 Ravintola Carelia,Yliopistokatu 4,80100,JOENSUU,Joensuu,Compass Group Finland Oy,02.02.2004,,62.6048033,29.744439726507842,"Agora, Yliopistokatu 4, 80100 Joensuu, Suomi",Agora,4,Yliopistokatu,80100,Mehtimäki,,Joensuun kantakaupunki,Joensuu,Pohjois-Karjala,Suomi,fi,0.9,1,1,1,© OpenStreetMap contributors,Open Database License,https://www.openstreetmap.org/copyright
0107101-1,1020203,Tali Café,Huopalahdentie 28,350,HELSINKI,Helsinki,Oy Bowling Ab,24.08.2005,,60.2103619,24.8790544,"Tali Café, Huopalahdentie 28, 00380 Helsinki, Suomi",Tali Café,28,Huopalahdentie,00380,Munkkiniemi,Uusimaa,Läntinen suurpiiri,Helsinki,Uusimaa,Suomi,fi,1,1,1,1,© OpenStreetMap contributors,Open Database License,https://www.openstreetmap.org/copyright
0873697-9,1070023,1269 Ravintola Kirjo & Café Park,Metsänneidonkuja 8,2130,ESPOO,Espoo,Compass Group Finland Oy,01.01.2021,,60.188304,24.806561,"Metsänneidonkuja 8, 02130 Espoo, Suomi",,8,Metsänneidonkuja,02130,Pohjois-Tapiola,Uusimaa,Espoo,Espoo,Etelä-Suomi,Suomi,fi,0.9,1,1,1,© OpenAddresses contributors,BSD-3-Clause License,
3377274-4,30883596," Ravintola Myyrin Krouvi",Uomatie 11,1600,VANTAA,Vantaa,Sky Connection Oy,15.01.2024,,60.2700013,24.8487594,"Vaappuva Ankka, Uomatie 11, 01600 Vantaa, Suomi",Vaappuva Ankka,11,Uomatie,01600,Myyrmäki,,Myyrmäen suuralue,Vantaa,Uusimaa,Suomi,fi,0.9,1,1,1,© OpenStreetMap contributors,Open Database License,https://www.openstreetmap.org/copyright
1073115-7,1063905,Hotelli Toivola,Ouluntie 36,94700,KEMI,Kemi,Syväkankaan Kioski Oy,11.02.2019,,65.7300335,24.6006044,"Ouluntie 36, 94700 Kemi, Suomi",Ouluntie,36,Ouluntie,94700,Syväkangas,,,Kemi,Lappi,Suomi,fi,0.9,1,1,1,© OpenStreetMap contributors,Open Database License,https://www.openstreetmap.org/copyright
0936981-6,1057975,Proffan Kellari,Rehtorinpellonkatu 6,20500,TURKU,Turku,Proffan Kellari Oy,30.08.1996,,60.45489621422799,22.288294240942484,"Rehtorinpellonkatu 6, 20014 Turku, Suomi",Rehtorinpellonkatu,6,Rehtorinpellonkatu,20014,Keskusta,,Ylioppilastalot,Turku,Varsinais-Suomi,Suomi,fi,0.45,1,1,0,© OpenStreetMap contributors,Open Database License,https://www.openstreetmap.org/copyright
3258820-8,30883974,Hotelli Grand Hansa,Mannerheimintie 5,100,HELSINKI,Helsinki,NH Hotels Finland Oy,15.04.2024,,60.1695749,24.939536,"Yliopiston Apteekki, Mannerheimintie 5, 00100 Helsinki, Suomi",Yliopiston Apteekki,5,Mannerheimintie,00100,Keskusta,,Eteläinen suurpiiri,Helsinki,Uusimaa,Suomi,fi,0.9,1,1,1,© OpenStreetMap contributors,Open Database License,https://www.openstreetmap.org/copyright
1753997-7,1035686,Ravintola Perla,Lyötynkatu 7,90100,OULU,Oulu,Laguna Street Restaurants Oy,01.08.2010,,65.006215,25.4741141,"Ravintola Perla, Lyötynkatu 7, 90100 Oulu, Suomi",Ravintola Perla,7,Lyötynkatu,90100,III Vanhatulli,,,Oulu,Pohjois-Pohjanmaa,Suomi,fi,1,1,1,1,© OpenStreetMap contributors,Open Database License,https://www.openstreetmap.org/copyright
1598370-8,1010559,Saimaan Helmi,Ajurinkatu 6,53500,LAPPEENRANTA,Lappeenranta,Saimaan Helmi Oy,01.03.2018,,61.0440789,28.218697,"Saimaan Helmi, Ajurinkatu 6, 53500 Lappeenranta, Suomi",Saimaan Helmi,6,Ajurinkatu,53500,Myllymäki,,,Lappeenranta,Etelä-Karjala,Suomi,fi,1,1,1,1,© OpenStreetMap contributors,Open Database License,https://www.openstreetmap.org/copyright
2300485-6,30884345,MBakery Cafe Villa Saaro,Saarontie 59,20100,TURKU,Turku,MBakery,01.05.2024,,60.4226483,22.093914350661557,"Saarontie 59, 20100 Turku, Suomi",,59,Saarontie,20100,Keskusta,,Ruissalo,Turku,Varsinais-Suomi,Suomi,fi,0.9,1,1,1,© OpenStreetMap contributors,Open Database License,https://www.openstreetmap.org/copyright
2028237-5,1022413,Brasserie,Köpmansgatan 3,10300,KARJAA,Raasepori,Oy Bouquet Garni Ab,14.04.2006,,60.070083,23.660259,"Köpmansgatan 3, 10300 Karjaa, Suomi",,3,Köpmansgatan,10300,,Uusimaa,Raasepori,Karjaa,Etelä-Suomi,Suomi,fi,0.9,1,1,1,© OpenAddresses contributors,BSD-3-Clause License,
2873304-6,1076536,B. Walrus,"Hietalahdenranta, laituri 1",180,HELSINKI,Helsinki,Kellaribaarit Oy,01.03.2023,,60.1666204,24.9435408,"Helsinki, Uusimaa, Suomi",,,,,,,,Helsinki,Uusimaa,Suomi,fi,0.25,1,,,© OpenStreetMap contributors,Open Database License,https://www.openstreetmap.org/copyright
2955931-8,30888188,Kustavin Kipinä Pohjolanniementie 2 Kustavi,Pohjolanniementie 2,23360,KUSTAVI,Kustavi,Pro Pelago Oy,01.07.2025,,60.5510695,21.461830117012894,"Pohjolanniementie 2, 23360 Kustavi, Suomi",,2,Pohjolanniementie,23360,,,,Kustavi,Varsinais-Suomi,Suomi,fi,0.9,1,1,1,© OpenStreetMap contributors,Open Database License,https://www.openstreetmap.org/copyright
3580293-5,30889382,Ravintola Tamada,Pakkahuoneenkatu 8 lh51,90100,OULU,Oulu,Svani oy,15.01.2026,14.01.2027,65.0131669,25.4691118,"Viinibaari Vox, Pakkahuoneenkatu 8, 90100 Oulu, Suomi",Viinibaari Vox,8,Pakkahuoneenkatu,90100,I Pokkinen,,Ydinkeskusta,Oulu,Pohjois-Pohjanmaa,Suomi,fi,0.9,1,1,1,© OpenStreetMap contributors,Open Database License,https://www.openstreetmap.org/copyright
2994675-6,1064895,Flät no 14,Viides linja 14 A 1,530,HELSINKI,Helsinki,Flät Helsinki Oy,13.06.2019,,60.1836377,24.951961,"flät no 14, Viides linja 14, 00530 Helsinki, Suomi",flät no 14,14,Viides linja,00530,Kallio,,Keskinen suurpiiri,Helsinki,Uusimaa,Suomi,fi,1,1,1,1,© OpenStreetMap contributors,Open Database License,https://www.openstreetmap.org/copyright
2140315-9,1031968,Chill & Grill,Porvoonkatu 23,510,HELSINKI,Helsinki,Demsal avoin yhtiö,25.06.2012,,60.191201,24.9448683,"Chill & Grill, Porvoonkatu 23, 00510 Helsinki, Suomi",Chill & Grill,23,Porvoonkatu,00510,Alppiharju,,Keskinen suurpiiri,Helsinki,Uusimaa,Suomi,fi,1,1,1,1,© OpenStreetMap contributors,Open Database License,https://www.openstreetmap.org/copyright
3203195-2,1071190,Bootti,Kaarlenväylä 2,90100,OULU,Oulu,Bootti Oy,01.06.2021,,65.0150885,25.462087324947618,"Pikisaaren sillan jäätelökioski, Kaarlenväylä 2, 90100 Oulu, Suomi",Pikisaaren sillan jäätelökioski,2,Kaarlenväylä,90100,I Pokkinen,,Ydinkeskusta,Oulu,Pohjois-Pohjanmaa,Suomi,fi,0.9,1,1,1,© OpenStreetMap contributors,Open Database License,https://www.openstreetmap.org/copyright
0208916-8,1014360,Opetusravintola Kokkolinna,Isokatu 1,67100,KOKKOLA,Kokkola,Keski-Pohjanmaan Koulutusyhtymä,21.10.2002,,63.8353649,23.1310482,"Café Kokkolinna, Isokatu 1, 67100 Kokkola, Suomi",Café Kokkolinna,1,Isokatu,67100,Kosila,,,Kokkola,Keski-Pohjanmaa,Suomi,fi,0.9,1,1,1,© OpenStreetMap contributors,Open Database License,https://www.openstreetmap.org/copyright
0953838-4,1062611,Factory Otaniemi,Otakaari 5,2150,ESPOO,Espoo,Ravintotalot Oy,18.09.2018,,60.18925055,24.831378012394843,"Aalto-yliopisto A Grid, Otakaari 5, 02150 Espoo, Suomi",Aalto-yliopisto A Grid,5,Otakaari,02150,Otaniemi,,Suur-Tapiola,Espoo,Uusimaa,Suomi,fi,0.9,1,1,1,© OpenStreetMap contributors,Open Database License,https://www.openstreetmap.org/copyright
2590194-8,1046326,Hanhenpoika,Rautatienkatu 7,15100,LAHTI,Lahti,Hanhiravintolat Oy,14.02.2014,,60.9804879,25.6580514,"Mainostoimisto EXX, Rautatienkatu 7, 15100 Lahti, Suomi",Mainostoimisto EXX,7,Rautatienkatu,15100,Keski-Lahti,,,Lahti,Päijät-Häme,Suomi,fi,0.9,1,1,1,© OpenStreetMap contributors,Open Database License,https://www.openstreetmap.org/copyright
2925419-4,1062149,Tunturi Pub Iso-Syöte,Romekievarintie 1,93280,SYÖTE,Pudasjärvi,Iso-Syötteen Keidas Oy,26.07.2018,,65.6254177,27.6294157,"Tunturi Market, Romekievarintie 1, 93280 Pudasjärvi, Suomi",Tunturi Market,1,Romekievarintie,93280,,,,Pudasjärvi,Pohjois-Pohjanmaa,Suomi,fi,0.855,1,1,1,© OpenStreetMap contributors,Open Database License,https://www.openstreetmap.org/copyright
2499938-1,30887101,HPS Areenat Oy,Pakilantie 86a,670,HELSINKI,Helsinki,HPS AREENAT Oy,19.04.2025,,60.2470547,24.9230653,"Pakilantie 86a, 00675 Helsinki, Suomi",Pakilantie,86a,Pakilantie,00675,Pakila,,Pohjoinen suurpiiri,Helsinki,Uusimaa,Suomi,fi,1,1,1,1,© OpenStreetMap contributors,Open Database License,https://www.openstreetmap.org/copyright
3277808-7,1074473,Ravintola Sunsari,Hietasaarenkatu 18,65100,VAASA,Vaasa,Ravintola Sunsari Oy,08.07.2022,,63.0980094,21.6154183,"K.achi Sushi & Noodle bar, Hietasaarenkatu 18, 65100 Vaasa, Suomi",K.achi Sushi & Noodle bar,18,Hietasaarenkatu,65100,Keskusta 4,,Vaasa,Vaasa,Pohjanmaa,Suomi,fi,0.9,1,1,1,© OpenStreetMap contributors,Open Database License,https://www.openstreetmap.org/copyright
3277277-7,1075451,C sushi ravintola,Opiskelijankatu 1,33720,TAMPERE,Tampere,Yammy Oy,26.09.2022,,61.4530218,23.8464197,"Pub Seppä, Opiskelijankatu 1, 33720 Tampere, Suomi",Pub Seppä,1,Opiskelijankatu,33720,Hervanta,,Kaakkoinen suuralue,Tampere,Pirkanmaa,Suomi,fi,0.9,1,1,1,© OpenStreetMap contributors,Open Database License,https://www.openstreetmap.org/copyright
0712857-6,1472575,Go Go Liikuntakeskus,Hämeenpuisto 47,33200,TAMPERE,Tampere,Go Go Liikuntakeskus Oy,01.03.2018,,61.4931524,23.7541354,"Scandic Hämeenpuisto, Hämeenpuisto 47, 33200 Tampere, Suomi",Scandic Hämeenpuisto,47,Hämeenpuisto,33200,Nalkala,,Keskustan suuralue,Tampere,Pirkanmaa,Suomi,fi,0.9,1,1,1,© OpenStreetMap contributors,Open Database License,https://www.openstreetmap.org/copyright
2528548-7,30064970,Kotipizza Kaukajärvi,Keskisenkatu 5,33710,TAMPERE,Tampere,Sakari Nieminen Oy,15.08.2019,,61.4734796,23.8740503,"Pub Goljat, Keskisenkatu 5, 33710 Tampere, Suomi",Pub Goljat,5,Keskisenkatu,33710,Kaukajärvi,,Kaakkoinen suuralue,Tampere,Pirkanmaa,Suomi,fi,0.9,1,1,1,© OpenStreetMap contributors,Open Database License,https://www.openstreetmap.org/copyright
2015890-5,1044471,Pollin Piha,Lahdenperäntie 142,23310,TAIVASSALO,Taivassalo,Maatilayritys Lahdenperä,09.06.2015,,60.6082522,21.6653073,"Pollin Piha, Lahdenperäntie 142, 23310 Taivassalo, Suomi",Pollin Piha,142,Lahdenperäntie,23310,,,,Taivassalo,Varsinais-Suomi,Suomi,fi,1,1,1,1,© OpenStreetMap contributors,Open Database License,https://www.openstreetmap.org/copyright
0693192-2,1472956,Rämsöön Seurantalo,Halisevantie 22,37350,VESILAHTI,Vesilahti,Rämsöön Urheilijat ry,01.03.2018,,61.3394335,23.3095483,"Halisevantie 22, 37350 Vesilahti, Suomi",Halisevantie,22,Halisevantie,37350,,Pirkanmaa,,Vesilahti,Pirkanmaa,Suomi,fi,0.9,1,1,1,© OpenStreetMap contributors,Open Database License,https://www.openstreetmap.org/copyright
2734934-1,30883809,Cafe Teutori,"Lemminkäisenkatu 3 ",20520,TURKU,Turku,Impivaaran Tähdet Oy,20.02.2024,,60.4496215,22.2917045,"Herkutus, Lemminkäisenkatu 3, 20520 Turku, Suomi",Herkutus,3,Lemminkäisenkatu,20520,Keskusta,,Ylioppilastalot,Turku,Varsinais-Suomi,Suomi,fi,0.9,1,1,1,© OpenStreetMap contributors,Open Database License,https://www.openstreetmap.org/copyright
0986855-1,1043007,Kuopio lentoas kahvila-ravintola,Lentokentäntie 275,70900,TOIVALA,Siilinjärvi,Kanresta Oy,15.12.2012,,63.0086562,27.7890088,"Lentokentäntie 275, 70900 Siilinjärvi, Suomi",,275,Lentokentäntie,70900,,,,Siilinjärvi,Pohjois-Savo,Suomi,fi,0.855,1,1,1,© OpenStreetMap contributors,Open Database License,https://www.openstreetmap.org/copyright
3497044-3,30886807,Beats Nightclub Pieksämäki,Keskuskatu 16,76100,PIEKSÄMÄKI,Pieksämäki,Saimaa Restaurants Oy,17.03.2025,,62.3005112,27.159276,"Beats Club, Keskuskatu 16, 76100 Pieksämäki, Suomi",Beats Club,16,Keskuskatu,76100,Pappilanmäki,,Kaakinmäki,Pieksämäki,Etelä-Savo,Suomi,fi,0.9,1,1,1,© OpenStreetMap contributors,Open Database License,https://www.openstreetmap.org/copyright
2695149-6,30886891,Ravintolalaiva Paatti,"Kampusranta, Kalevankatu 56",60100,SEINÄJOKI,Seinäjoki,RV-Invest Oy,01.05.2025,,62.78869733289972,22.829111753434514,"Kalevankatu 56, 60100 Seinäjoki, Suomi",Kalevankatu,56,Kalevankatu,60100,Marttila,,Kantakaupunki,Seinäjoki,Etelä-Pohjanmaa,Suomi,fi,0.45,1,1,0,© OpenStreetMap contributors,Open Database License,https://www.openstreetmap.org/copyright
2311101-0,1034403,Oliver's Inn,Handelsesplanaden  8,65100,VAASA,Vaasa,Lytek Oy Ab,19.03.2010,,63.097566,21.613425,"Kauppapuistikko, Handelsesplanaden 8, 65100 Vaasa, Suomi",Kauppapuistikko,8,Handelsesplanaden,65100,Keskusta 4,Pohjanmaa,Vaasa,Vaasa,Länsi ja Sisä-Suomi,Suomi,fi,0.9,1,1,1,© OpenAddresses contributors,BSD-3-Clause License,
2331314-9,1035576,Kyläravintola 261,Jämijärventie 28 D 1,38800,JÄMIJÄRVI,Jämijärvi,Kyläravintola 261,16.07.2011,,61.83435512488889,22.64177204811468,"Jämijärventie, 38800 Jämijärvi, Suomi",Jämijärventie,,Jämijärventie,38800,,,,Jämijärvi,Satakunta,Suomi,fi,0.5,1,1,,© OpenStreetMap contributors,Open Database License,https://www.openstreetmap.org/copyright
2005451-6,1036297,Ravintola Villihanhi,Puustellinpolku 8,410,HELSINKI,Helsinki,Taste Creator Oy,01.11.2010,,60.2464887,24.8612058,"Puustellinpolku 8, 00410 Helsinki, Suomi",,8,Puustellinpolku,00410,Malminkartano,,Läntinen suurpiiri,Helsinki,Uusimaa,Suomi,fi,1,1,1,1,© OpenStreetMap contributors,Open Database License,https://www.openstreetmap.org/copyright
2952920-7,1063896,Linna Burger & Coffee,Linnankatu 81,20100,TURKU,Turku,Linnan ruokakioski Oy,01.06.2020,,60.43740467795474,22.235470972111855,"Linnankatu, 20100 Turku, Suomi",Linnankatu,,Linnankatu,20100,Keskusta,,Linnanfältti,Turku,Varsinais-Suomi,Suomi,fi,0.5,1,1,,© OpenStreetMap contributors,Open Database License,https://www.openstreetmap.org/copyright
0870894-3,30887199,Olvi Areena / Kuopion jäähalli,Hanneskolehmaisenkatu 4,70110,KUOPIO,Kuopio,KalPa Hockey Oy,01.05.2025,30.04.2026,62.894976,27.665698,"Hannes Kolehmaisen katu 4, 70110 Kuopio, Suomi",,4,Hannes Kolehmaisen katu,70110,Hatsala,Pohjois-Savo,Kuopio,Kuopio,Itä-Suomi,Suomi,fi,0.9,1,1,1,© OpenStreetMap contributors,Open Database License,https://www.openstreetmap.org/copyright
3353121-1,30889010,Star Pizza,Kartanontie 14,4410,JÄRVENPÄÄ,Järvenpää,Tarkkaraksa Oy,07.11.2025,,60.47430165,25.0972187,"Kartanontie 14, 04410 Järvenpää, Suomi",,14,Kartanontie,04410,Pöytäalho,,,Järvenpää,Uusimaa,Suomi,fi,0.9,1,1,1,© OpenStreetMap contributors,Open Database License,https://www.openstreetmap.org/copyright
2862693-7,1067508,Hotel U14 /  Ravintola Version,Unioninkatu 14,130,HELSINKI,Helsinki,Hotel U14 Oy,02.03.2020,,60.165,24.9510478,"Unioninkatu 14, 00130 Helsinki, Suomi",,14,Unioninkatu,00130,Kaartinkaupunki,Uusimaa,Eteläinen suurpiiri,Helsinki,Uusimaa,Suomi,fi,1,1,1,1,© OpenStreetMap contributors,Open Database License,https://www.openstreetmap.org/copyright
1465088-0,1034578,Koskelon  Matkailukeskus,Ysitie 3399,77600,SUONENJOKI,Suonenjoki,Koskelon Matkailukeskus Oy,01.03.2018,,62.5864512,27.0519644,"SEO Koskelo, Ysitie 3399, 77600 Suonenjoki, Suomi",SEO Koskelo,3399,Ysitie,77600,,,,Suonenjoki,Pohjois-Savo,Suomi,fi,0.9,1,1,1,© OpenStreetMap contributors,Open Database License,https://www.openstreetmap.org/copyright
0865259-9,1172349,m/s Otto Cafe,Harustie 2,980,HELSINKI,Helsinki,LR-pubs Ky,23.06.2005,,60.203365,25.1263574,"Harustie 2, 00980 Helsinki, Suomi",,2,Harustie,00980,Vuosaari,,Itäinen suurpiiri,Helsinki,Uusimaa,Suomi,fi,1,1,1,1,© OpenStreetMap contributors,Open Database License,https://www.openstreetmap.org/copyright
3103665-5,1075222,Old Pine Husky Lodge,Honkamaantie 32,94500,LAUTIOSAARI,Keminmaa,Old Pine Oy,28.07.2022,,65.7972386,24.5710997,"94500 Keminmaa, Suomi",,,,94500,Lautiosaari,,,Keminmaa,Lappi,Suomi,fi,0.25,1,,,© OpenStreetMap contributors,Open Database License,https://www.openstreetmap.org/copyright
2028421-5,1062848,Tiurajärven Kota,Äkäslompolontie 1341,99300,MUONIO,Muonio,True North Oy,24.11.2018,,67.7436374,24.0818082,"Äkäslompolontie 1341, 99300 Muonio, Suomi",Äkäslompolontie,1341,Äkäslompolontie,99300,,,,Muonio,Lappi,Suomi,fi,0.675,1,1,0.75,© OpenStreetMap contributors,Open Database License,https://www.openstreetmap.org/copyright
0190563-7,30884907,Suvannon pesäpallokenttä,Koskipuhdontie 28,84460,YLIVIESKA,Ylivieska,V & U-seura Ylivieskan Kuula r.y.,07.06.2024,,64.0768404,24.5493462,"Koskipuhdontie 28, 84100 Ylivieska, Suomi",Koskipuhdontie,28,Koskipuhdontie,84100,Hakalahti,,,Ylivieska,Pohjois-Pohjanmaa,Suomi,fi,0.9,1,1,1,© OpenStreetMap contributors,Open Database License,https://www.openstreetmap.org/copyright
3297579-3,30882961,Ahvenisto Race Circuit oy,Poltinahontie 47,13130,HÄMEENLINNA,Hämeenlinna,Ahvenisto Race Circuit Oy,01.01.2024,,61.00200635,24.418920719734906,"Ahveniston moottorirata, Poltinahontie 47, 13130 Hämeenlinna, Suomi",Ahveniston moottorirata,47,Poltinahontie,13130,Pullerinmäki,,Hämeenlinna,Hämeenlinna,Kanta-Häme,Suomi,fi,0.9,1,1,1,© OpenStreetMap contributors,Open Database License,https://www.openstreetmap.org/copyright
1834868-9,1039659,Plaza-Ravintolat,Vilhonkatu 8,24100,SALO,Salo,Suur-Seudun Osuuskauppa SSO,01.01.2004,,60.3864956,23.1229725,"Kenkä Plaza, Vilhonkatu 8, 24100 Salo, Suomi",Kenkä Plaza,8,Vilhonkatu,24100,Kauniainen,,,Salo,Varsinais-Suomi,Suomi,fi,0.9,1,1,1,© OpenStreetMap contributors,Open Database License,https://www.openstreetmap.org/copyright
3418764-3,30883927,Toivon talo,Kanavatie 14,17200,VÄÄKSY,Asikkala,Salsa & CO Oy,11.03.2024,,61.1745117,25.5383766,"Toivon talo, Kanavatie 14, 17200 Asikkala, Suomi",Toivon talo,14,Kanavatie,17200,Ämmälänhaka,,Arola,Asikkala,Päijät-Häme,Suomi,fi,1,1,1,1,© OpenStreetMap contributors,Open Database License,https://www.openstreetmap.org/copyright
0235641-4,1281062,Pörtom Uf,Österlandsvägen 3,66270,PIRTTIKYLÄ,Närpiö,Pörtom Ungdomsförening rf,01.03.2018,,62.7130271,21.6139955,"Österlandsvägen 3, 66270 Närpiö, Suomi",Österlandsvägen,3,Österlandsvägen,66270,,,,Närpiö,Pohjanmaa,Suomi,fi,0.9,1,1,1,© OpenStreetMap contributors,Open Database License,https://www.openstreetmap.org/copyright
2394291-4,1038141,M-market Lukkari,Vionojantie 36,68370,ULLAVA,Kokkola,Ullavan Palveluosuuskunta,01.03.2018,,63.7046395,23.8955813,"Vionojantie 36, 68370 Kokkola, Suomi",Vionojantie,36,Vionojantie,68370,,,,Kokkola,Keski-Pohjanmaa,Suomi,fi,0.9,1,1,1,© OpenStreetMap contributors,Open Database License,https://www.openstreetmap.org/copyright
3450829-1,30886124,Gaucho,Aleksanterinkatu 9,100,HELSINKI,Helsinki,Gaucho Gang Oy,01.12.2024,,60.1693226,24.947714,"Aleksanterinkatu 9, 00130 Helsinki, Suomi",,9,Aleksanterinkatu,00130,Keskusta,,Eteläinen suurpiiri,Helsinki,Uusimaa,Suomi,fi,1,1,1,1,© OpenStreetMap contributors,Open Database License,https://www.openstreetmap.org/copyright
3498853-9,30888180,Ravintola Finpal,Aleksis Kiven tie 2,2580,SIUNTIO,Siuntio,Tilakram Oy,01.07.2025,,60.1344029,24.228861700000003,"Aleksis Kiven tie 2, 02580 Siuntio, Suomi",,2,Aleksis Kiven tie,02580,Siuntion asema,,,Siuntio,Uusimaa,Suomi,fi,0.9,1,1,1,© OpenStreetMap contributors,Open Database License,https://www.openstreetmap.org/copyright
0664613-6,1076420,Ravintola Katiska,Iitintie 2,47400,KAUSALA,Iitti,Leipomo Seppo Varpenius Oy,14.03.2023,,60.88836805,26.336709953597868,"Iitintie 2, 47400 Kausala, Suomi",,2,Iitintie,47400,,,Mikkolanpelto,Kausala,Päijät-Häme,Suomi,fi,0.9,1,1,1,© OpenStreetMap contributors,Open Database License,https://www.openstreetmap.org/copyright
3388398-9,30883021,Bar Simppa,Leinikkitie 20,1350,VANTAA,Vantaa,RIMZIM Oy,01.10.2023,,60.309583,25.0311647,"Eläinlääkäriasema Peninkulma, Leinikkitie 20, 01350 Vantaa, Suomi",Eläinlääkäriasema Peninkulma,20,Leinikkitie,01350,Simonkylä,,Tikkurilan suuralue,Vantaa,Uusimaa,Suomi,fi,0.9,1,1,1,© OpenStreetMap contributors,Open Database License,https://www.openstreetmap.org/copyright
2731313-8,1052818,Ravintola Vinkkeli,Korkeavuorenkatu 27,130,HELSINKI,Helsinki,Ravintola Vinkkeli Helsinki Oy,05.04.2017,,60.1638259,24.9462585,"Korkeavuorenkatu 27, 00130 Helsinki, Suomi",,27,Korkeavuorenkatu,00130,Ullanlinna,,Eteläinen suurpiiri,Helsinki,Uusimaa,Suomi,fi,1,1,1,1,© OpenStreetMap contributors,Open Database License,https://www.openstreetmap.org/copyright
2258791-4,1055742,Mashiro,Mäkelänkatu 22,510,HELSINKI,Helsinki,GYC Oy,28.12.2016,,60.1936602,24.9579562,"Mäkelänkatu 22, 00550 Helsinki, Suomi",,22,Mäkelänkatu,00550,Vallila,,Keskinen suurpiiri,Helsinki,Uusimaa,Suomi,fi,1,1,1,1,© OpenStreetMap contributors,Open Database License,https://www.openstreetmap.org/copyright
0212329-0,1050385,Solo Sokos Hotel Helsinki,Kluuvikatu 8,100,HELSINKI,Helsinki,Sokotel Oy,25.04.2022,,60.1696179,24.9472032,"Solo Sokos Hotel Helsinki, Kluuvikatu 8, 00100 Helsinki, Suomi",Solo Sokos Hotel Helsinki,8,Kluuvikatu,00100,Kluuvi,,Eteläinen suurpiiri,Helsinki,Uusimaa,Suomi,fi,1,1,1,1,© OpenStreetMap contributors,Open Database License,https://www.openstreetmap.org/copyright
3217078-4,1071826,RAVINTOLA SARANG,Kauppatie 8,4300,TUUSULA,Tuusula,Sarang Oy,01.08.2021,,60.40017,25.0214189,"Ravintola Sarang, Kauppatie 8, 04300 Tuusula, Suomi",Ravintola Sarang,8,Kauppatie,04300,Hyrylä,,Kievari,Tuusula,Uusimaa,Suomi,fi,1,1,1,1,© OpenStreetMap contributors,Open Database License,https://www.openstreetmap.org/copyright
0837278-1,1041319,Park Hotel Turku,Rauhankatu 1 A,20100,TURKU,Turku,Park Marketing Oy,26.03.2003,,60.45315895,22.257895876434425,"Rauhankatu 1a, 20100 Turku, Suomi",,1a,Rauhankatu,20100,Keskusta,,Puolalanmäki,Turku,Varsinais-Suomi,Suomi,fi,0.9,1,1,1,© OpenStreetMap contributors,Open Database License,https://www.openstreetmap.org/copyright
1411065-7,1278006,Grilli-Baari,Kylätie 26,69150,ESKOLA,Kannus,Mauri Antinoja,01.03.2018,,63.915813,24.151991,"Kylätie 26, 69150 Kannus, Suomi",,26,Kylätie,69150,,Keski-Pohjanmaa,,Kannus,Länsi ja Sisä-Suomi,Suomi,fi,0.855,1,1,1,© OpenAddresses contributors,BSD-3-Clause License,
2077315-8,1068539,Villa Sofia,Valhallantie 8,10270,BARÖSUND,Inkoo,Oy SagaWind Ab,01.06.2020,,59.9757757,23.8815369,"Valhallantie 8, 10270 Inkoo, Suomi",,8,Valhallantie,10270,,,Inkoon pitäjä,Inkoo,Uusimaa,Suomi,fi,0.9,1,1,1,© OpenStreetMap contributors,Open Database License,https://www.openstreetmap.org/copyright
1801682-8,1068597,Lunchrestaurang Ossian,Topeliusgatan 20,250,HELSINKI,Helsinki,Folkhälsan Välfärd Ab,17.06.2020,,60.186879,24.913576,"Topeliusgatan 20, 00250 Helsinki, Suomi",,20,Topeliusgatan,00250,Taka-Töölö,Uusimaa,Eteläinen,Helsinki,Etelä-Suomi,Suomi,fi,0.9,1,1,1,© OpenAddresses contributors,BSD-3-Clause License,
2694483-5,30889212,Paavola Pub,saimaankatu 18,15140,LAHTI,Lahti,Akreyi Family Oy,04.12.2025,,60.9834119,25.66653,"Saimaankatu 18, 15140 Lahti, Suomi",Saimaankatu,18,Saimaankatu,15140,Paavola,,,Lahti,Päijät-Häme,Suomi,fi,0.9,1,1,1,© OpenStreetMap contributors,Open Database License,https://www.openstreetmap.org/copyright
1771143-1,30042387,Ravintola moms,Promenadi 1,2700,KAUNIAINEN,Kauniainen,Momentin Restaurants Oy,15.05.2021,,60.210713,24.72861,"Moms, Promenadi 1, 02700 Kauniainen, Suomi",Moms,1,Promenadi,02700,Keskusta,Uusimaa,Kauniainen,Kauniainen,Etelä-Suomi,Suomi,fi,0.9,1,1,1,© OpenStreetMap contributors,Open Database License,https://www.openstreetmap.org/copyright
3236149-2,1074145,Luluthai,Ruusutarhantie 5,300,HELSINKI,Helsinki,Domes kitchen Tmi,25.04.2022,,60.2077926,24.8870765,"Lulu Thai, Ruusutarhantie 5, 00300 Helsinki, Suomi",Lulu Thai,5,Ruusutarhantie,00300,Haaga,,Läntinen suurpiiri,Helsinki,Uusimaa,Suomi,fi,1,1,1,1,© OpenStreetMap contributors,Open Database License,https://www.openstreetmap.org/copyright
0920150-3,1042339,Ristorante Momento,Hämeenkatu 9,5800,HYVINKÄÄ,Hyvinkää,Momento Fastfood Oy,18.10.2012,,60.631658349999995,24.86413821110855,"Minetti Hyvinkää, Hämeenkatu 9, 05800 Hyvinkää, Suomi",Minetti Hyvinkää,9,Hämeenkatu,05800,Tehdas,,,Hyvinkää,Uusimaa,Suomi,fi,0.9,1,1,1,© OpenStreetMap contributors,Open Database License,https://www.openstreetmap.org/copyright
1643728-2,1067431,Ravintola Hangout 10,Mustalahdentie 10,960,HELSINKI,Helsinki,L & N Enterprise Oy,28.02.2001,28.02.2026,60.2216415,25.1387426,"Mustalahdentie 10, 00960 Helsinki, Suomi",,10,Mustalahdentie,00960,Vuosaari,,Itäinen suurpiiri,Helsinki,Uusimaa,Suomi,fi,1,1,1,1,© OpenStreetMap contributors,Open Database License,https://www.openstreetmap.org/copyright
0992388-0,1073317,Pub Saunalamppu 2.0,Keskuskatu 16 B 2,76100,PIEKSÄMÄKI,Pieksämäki,MOONRIDERS OY,24.02.2022,,62.3005112,27.159276,"Beats Club, Keskuskatu 16, 76100 Pieksämäki, Suomi",Beats Club,16,Keskuskatu,76100,Pappilanmäki,,Kaakinmäki,Pieksämäki,Etelä-Savo,Suomi,fi,0.9,1,1,1,© OpenStreetMap contributors,Open Database License,https://www.openstreetmap.org/copyright
2914291-8,30062053,Way Bakery & Wine Bar,Agricolankatu 9,530,HELSINKI,Helsinki,viiskolme Oy,23.04.2020,,60.1843942,24.9536288,"Agricolankatu 9, 00530 Helsinki, Suomi",,9,Agricolankatu,00530,Kallio,,Keskinen suurpiiri,Helsinki,Uusimaa,Suomi,fi,1,1,1,1,© OpenStreetMap contributors,Open Database License,https://www.openstreetmap.org/copyright
2614978-6,1047009,Ravintola Finnegans,Hyrylänkatu 8 B 4,4300,TUUSULA,Tuusula,alperos Oy,25.02.2015,,60.3977082,25.019358,"Bar Finnegans, Hyrylänkatu 8 B 4, 04300 Tuusula, Suomi",Bar Finnegans,8 B 4,Hyrylänkatu,04300,Hyrylä,,Kievari,Tuusula,Uusimaa,Suomi,fi,0.9,1,1,1,© OpenStreetMap contributors,Open Database License,https://www.openstreetmap.org/copyright
3300558-8,1075816,Xtainment Ravintola,Ratakatu 9 A 1,120,HELSINKI,Helsinki,Xtainment Oy,07.11.2022,,60.174747,24.983911,"Ravintola Pukki, 120 Helsinki, Suomi",,,Ravintola Pukki,120,Mustikkamaa-Korkeasaari,Uusimaa,Kaakkoinen,Helsinki,Etelä-Suomi,Suomi,fi,0.35714285714285715,1,0.35714285714285715,,© OpenStreetMap contributors,Open Database License,https://www.openstreetmap.org/copyright
2927865-5,30885412,Super Bowl Tripla,Firdonkatu 2 B,520,HELSINKI,Helsinki,Tasty Stop Oy,01.08.2024,,60.1978531,24.9289271,"Firdonkatu 2 b, 00240 Helsinki, Suomi",,2 b,Firdonkatu,00240,Pasila,,Keskinen suurpiiri,Helsinki,Uusimaa,Suomi,fi,1,1,1,1,© OpenStreetMap contributors,Open Database License,https://www.openstreetmap.org/copyright
2372155-6,30885297,Fazer Café Jumbo,Vantaanportinkatu 3,1510,VANTAA,Vantaa,Fazer Ravintolat Oy,01.10.2024,,60.291594149999995,24.965677651764707,"Jumbo, Vantaanportinkatu 3, 01510 Vantaa, Suomi",Jumbo,3,Vantaanportinkatu,01510,Pakkala,,Aviapoliksen suuralue,Vantaa,Uusimaa,Suomi,fi,0.9,1,1,1,© OpenStreetMap contributors,Open Database License,https://www.openstreetmap.org/copyright
2372155-6,1037509,Fazer Café Forum,Mannerheimintie 20,100,HELSINKI,Helsinki,Fazer Ravintolat Oy,01.04.2011,,60.1695429,24.9381823,"Mannerheimintie 20, 00014 Helsinki, Suomi",,20,Mannerheimintie,00014,Keskusta,,Eteläinen suurpiiri,Helsinki,Uusimaa,Suomi,fi,1,1,1,1,© OpenStreetMap contributors,Open Database License,https://www.openstreetmap.org/copyright
1088196-4,30881722,Passaripubi,Hankasalmentie 1696,51260,TAHKOMÄKI,Kangasniemi,Koittilan seudun kyläseura ry,01.06.2023,,62.2080293,26.6295165,"Passari pub, Hankasalmentie 1696, 51260 Kangasniemi, Suomi",Passari pub,1696,Hankasalmentie,51260,,,,Kangasniemi,Etelä-Savo,Suomi,fi,0.9090909090909091,1,1,1,© OpenStreetMap contributors,Open Database License,https://www.openstreetmap.org/copyright
0750509-5,1061094,Mattolaituri,Ehrenströmintie 3 A,140,HELSINKI,Helsinki,Royal Ravintolat Oy,14.05.2018,,60.1538113,24.95594500564348,"Ehrenströmintie 3 a, 00140 Helsinki, Suomi",,3 a,Ehrenströmintie,00140,Kaivopuisto,,Eteläinen suurpiiri,Helsinki,Uusimaa,Suomi,fi,1,1,1,1,© OpenStreetMap contributors,Open Database License,https://www.openstreetmap.org/copyright
1764340-8,1075572,Kotipizza Tori,Haapaniemenkatu 28,70110,KUOPIO,Kuopio,K&R Riihola Oy,29.09.2022,,62.892804600000005,27.676159898862405,"Kauppakeskus Torikulma, Haapaniemenkatu 28, 70110 Kuopio, Suomi",Kauppakeskus Torikulma,28,Haapaniemenkatu,70110,Multimäki,,Puijonkuppee,Kuopio,Pohjois-Savo,Suomi,fi,0.9,1,1,1,© OpenStreetMap contributors,Open Database License,https://www.openstreetmap.org/copyright
3294082-2,1074836,Kaffekåppin,Vöråvägen 5,66600,VÖYRI,Vöyri,H & C Bäck Ab,28.06.2022,,63.129847,22.252582,"Vöyrin Apteekki, Vöråvägen 5, 66600 Vöyri, Suomi",Vöyrin Apteekki,5,Vöråvägen,66600,,Pohjanmaa,Vöyri,Vöyri,Länsi ja Sisä-Suomi,Suomi,fi,0.9,1,1,1,© OpenAddresses contributors,BSD-3-Clause License,
3314514-2,1076442,Olohuone Tähti,Jäämerentie 11 B,99600,SODANKYLÄ,Sodankylä,Sodankylän Olohuone Oy,25.02.2023,,67.4171058,26.5937107,"Olohuone Tähti, Jäämerentie 11, 99600 Sodankylä, Suomi",Olohuone Tähti,11,Jäämerentie,99600,,,Kylälaakso,Sodankylä,Lappi,Suomi,fi,1,1,1,1,© OpenStreetMap contributors,Open Database License,https://www.openstreetmap.org/copyright
3352156-6,30881500,Juva Camping,Poikolanniementie 68,51900,JUVA,Juva,HC Events Oy,13.05.2023,,61.8928119,27.82332585978446,"Juva Camping, Poikolanniementie 68, 51900 Juva, Suomi",Juva Camping,68,Poikolanniementie,51900,,,,Juva,Etelä-Savo,Suomi,fi,1,1,1,1,© OpenStreetMap contributors,Open Database License,https://www.openstreetmap.org/copyright
2627710-4,30885891,Lopez Tacos Kamppi,Urho Kekkosen katu 1,100,HELSINKI,Helsinki,RaakaVilli Oy,11.06.2025,,60.1693339,24.9331814,"Urho Kekkosen katu 1, 00100 Helsinki, Suomi",,1,Urho Kekkosen katu,00100,Kamppi,,Eteläinen suurpiiri,Helsinki,Uusimaa,Suomi,fi,1,1,1,1,© OpenStreetMap contributors,Open Database License,https://www.openstreetmap.org/copyright
3118113-1,1075846,Kätkä Lake Lodge,Leiri-Kätkä 74,95330,TERVOLA,Tervola,Kätkä Arctic Lake Resort Oy,01.11.2022,,66.0822914,24.8058841,"Tervola, Lappi, Suomi",,,,,,,,Tervola,Lappi,Suomi,fi,0.25,1,,,© OpenStreetMap contributors,Open Database License,https://www.openstreetmap.org/copyright
3166398-2,30074043,Kotipizza Hallituskatu,Hallituskatu 25,90100,OULU,Oulu,Jasmin ja Jarkko Oy,01.05.2022,,65.01184004999999,25.478911620053516,"Hallituskatu 25, 90100 Oulu, Suomi",,25,Hallituskatu,90100,II Vaara,,,Oulu,Pohjois-Pohjanmaa,Suomi,fi,0.9,1,1,1,© OpenStreetMap contributors,Open Database License,https://www.openstreetmap.org/copyright
0298627-2,30884246,SEO Muonio,Torniontie 6,99300,MUONIO,Muonio,LP Autohuolto Oy,01.05.2024,,67.954871,23.682864,"Rolls, Torniontie 6, 99300 Muonio, Suomi",Rolls,6,Torniontie,99300,,,,Muonio,Lappi,Suomi,fi,0.9,1,1,1,© OpenStreetMap contributors,Open Database License,https://www.openstreetmap.org/copyright
2923308-6,1062680,Döner Harju City,Kaivokatu 8,100,HELSINKI,Helsinki,Döner Harju Oy,21.05.2021,,60.1693275,24.9413626,"Kaivokatu 8, 00014 Helsinki, Suomi",,8,Kaivokatu,00014,Keskusta,,Eteläinen suurpiiri,Helsinki,Uusimaa,Suomi,fi,1,1,1,1,© OpenStreetMap contributors,Open Database License,https://www.openstreetmap.org/copyright
1491633-5,1012283,Ravintola Rudolf,Karjalankatu 34,15150,LAHTI,Lahti,Rudolf Samer,01.03.2018,,60.9799645,25.679907494771577,"Karjalankatu 34, 15150 Lahti, Suomi",,34,Karjalankatu,15150,Paavola,,,Lahti,Päijät-Häme,Suomi,fi,0.9,1,1,1,© OpenStreetMap contributors,Open Database License,https://www.openstreetmap.org/copyright
0964828-4,1035496,Joensuun Kuntokeidas,Linnunlahdentie 10,80110,JOENSUU,Joensuu,Fitness & Aerobic Club Oy,16.07.2010,,62.5999085,29.7367247,"Linnunlahdentie 10, 80110 Joensuu, Suomi",Linnunlahdentie,10,Linnunlahdentie,80110,Mehtimäki,,Joensuun kantakaupunki,Joensuu,Pohjois-Karjala,Suomi,fi,0.9,1,1,1,© OpenStreetMap contributors,Open Database License,https://www.openstreetmap.org/copyright
2192298-7,1030253,Arctic SnowHotel/Lumikartano,Lehtoahontie 27,97220,SINETTÄ,Rovaniemi,Snowflake Oy,01.01.2018,,66.637872,25.34579,"Lehtoahontie 27, 97220 Rovaniemi, Suomi",,27,Lehtoahontie,97220,,Lappi,,Rovaniemi,Lappi,Suomi,fi,0.855,1,1,1,© OpenAddresses contributors,BSD-3-Clause License,
3558148-2,30889452,Pretty Boy Kamppi,"Malminrinne 2-4 ",100,HELSINKI,Helsinki,Pretty Freyja OY,02.02.2026,,60.1667448,24.9305148,"Jumbowl, Malminrinne 2-4, 00100 Helsinki, Suomi",Jumbowl,2-4,Malminrinne,00100,Kamppi,,Eteläinen suurpiiri,Helsinki,Uusimaa,Suomi,fi,0.9,1,1,1,© OpenStreetMap contributors,Open Database License,https://www.openstreetmap.org/copyright
3466585-2,30885617,Thai Ravintola & Baari,Kumpulantie 1,90230,OULU,Oulu,Thai Ravintola & Baari Oulu Oy,01.09.2024,,65.0107607,25.5225529,"Thai One, Kumpulantie 1, 90230 Oulu, Suomi",Thai One,1,Kumpulantie,90230,Peltola,,,Oulu,Pohjois-Pohjanmaa,Suomi,fi,0.9,1,1,1,© OpenStreetMap contributors,Open Database License,https://www.openstreetmap.org/copyright
3145007-1,30072393,Olivia Railway Station,"Kaivokatu 1, Hki rautatieasema",100,HELSINKI,Helsinki,Olivia Restaurants Oy,25.03.2022,,60.1702571,24.9408086,"Kaivokatu 1, 00014 Helsinki, Suomi",,1,Kaivokatu,00014,Keskusta,,Eteläinen suurpiiri,Helsinki,Uusimaa,Suomi,fi,1,1,1,1,© OpenStreetMap contributors,Open Database License,https://www.openstreetmap.org/copyright
2771725-5,30071830,Ravintola Kruunu,Koirasaarentie 50,590,HELSINKI,Helsinki,Tmi A.Sito,02.02.2022,,60.1688414,25.017508,"Koirasaarentie 50, 00590 Helsinki, Suomi",,50,Koirasaarentie,00590,Kruunuvuorenranta,,Kaakkoinen suurpiiri,Helsinki,Uusimaa,Suomi,fi,1,1,1,1,© OpenStreetMap contributors,Open Database License,https://www.openstreetmap.org/copyright
3551220-9,30888499,Bar ja Ravintola Puokkarin Härkä,Mielikintie 1,90550,OULU,Oulu,Pub Bosborin Härkä Oy,01.09.2025,,65.041859,25.4788978,"Bar ja Ravintola Puokkarin Härkä, Mielikintie 1, 90550 Oulu, Suomi",Bar ja Ravintola Puokkarin Härkä,1,Mielikintie,90550,Puolivälinkangas,,,Oulu,Pohjois-Pohjanmaa,Suomi,fi,1,1,1,1,© OpenStreetMap contributors,Open Database License,https://www.openstreetmap.org/copyright
2751953-1,1053455,Pub Kosken Woima,Valtakatu 61 LH 1,39200,KYRÖSKOSKI,Hämeenkyrö,Legenda Events Oy,05.05.2016,,61.6676504,23.1772571,"Valtakatu 61, 39200 Hämeenkyrö, Suomi",Valtakatu,61,Valtakatu,39200,,,Kyröskoskenharju,Hämeenkyrö,Pirkanmaa,Suomi,fi,0.9,1,1,1,© OpenStreetMap contributors,Open Database License,https://www.openstreetmap.org/copyright
3327736-4,30886025,The Copper´s Lounge,Verkatehtaankatu 8,33100,TAMPERE,Tampere,Panimoyhtiö Kuparitarha Oy,01.11.2024,,61.4972035,23.7694558,"Parturi Hannań kampaamo, Verkatehtaankatu 8, 33100 Tampere, Suomi",Parturi Hannań kampaamo,8,Verkatehtaankatu,33100,Kyttälä,,Keskustan suuralue,Tampere,Pirkanmaa,Suomi,fi,0.9,1,1,1,© OpenStreetMap contributors,Open Database License,https://www.openstreetmap.org/copyright
2917032-9,1062768,Ravintola Penélope,Mikonkatu 9,100,HELSINKI,Helsinki,PX Restaurants Oy,01.11.2018,,60.169902,24.9456477,"Ravintola Penélope, Mikonkatu 9, 00100 Helsinki, Suomi",Ravintola Penélope,9,Mikonkatu,00100,Kluuvi,,Eteläinen suurpiiri,Helsinki,Uusimaa,Suomi,fi,1,1,1,1,© OpenStreetMap contributors,Open Database License,https://www.openstreetmap.org/copyright
2285494-7,1045803,Rafaels steakhouse & bar,Piispankatu 28,6100,PORVOO,Porvoo,T & M Grand Oy,04.11.2013,,60.3924004,25.6636515,"Rafael's Steak House & Bar, Piispankatu 28, 06100 Porvoo, Suomi",Rafael's Steak House & Bar,28,Piispankatu,06100,Keskusta,,,Porvoo,Uusimaa,Suomi,fi,1,1,1,1,© OpenStreetMap contributors,Open Database License,https://www.openstreetmap.org/copyright
3112127-8,1068003,Wanha Brankkari,Keskuskatu 1,39700,PARKANO,Parkano,melkein7veljestä Oy,15.05.2020,,62.0099664,23.0240905,"Ylä-Satakunnan musiikkiopisto, Keskuskatu 1, 39700 Parkano, Suomi",Ylä-Satakunnan musiikkiopisto,1,Keskuskatu,39700,Kallionahde,,,Parkano,Pirkanmaa,Suomi,fi,0.9,1,1,1,© OpenStreetMap contributors,Open Database License,https://www.openstreetmap.org/copyright
2507488-2,1043217,Ravintola Piikatyttö,Porosalmentie 313,58900,RANTASALMI,Rantasalmi,Järvisydän Oy,02.01.2013,,62.1210814,28.311777570653277,"Järvisydän, Porosalmentie 313, 58900 Rantasalmi, Suomi",Järvisydän,313,Porosalmentie,58900,,,,Rantasalmi,Etelä-Savo,Suomi,fi,0.9,1,1,1,© OpenStreetMap contributors,Open Database License,https://www.openstreetmap.org/copyright
2030999-6,1065645,Bar 36,Kuusitie 3,270,HELSINKI,Helsinki,Vartu Bar Oy,29.06.2019,,60.1952162,24.8999173,"Bar 36, Kuusitie 3, 00270 Helsinki, Suomi",Bar 36,3,Kuusitie,00270,Meilahti,,Läntinen suurpiiri,Helsinki,Uusimaa,Suomi,fi,1,1,1,1,© OpenStreetMap contributors,Open Database License,https://www.openstreetmap.org/copyright
2923149-4,1062477,Monnarin Lounaskahvila,Kuntoportti 3,40700,JYVÄSKYLÄ,Jyväskylä,Monnarin Lounaskahvila Oy,06.09.2018,,62.2354401,25.7193787,"Monnarin lounaskahvila, Kuntoportti 3, 40700 Jyväskylä, Suomi",Monnarin lounaskahvila,3,Kuntoportti,40700,Mäki-Matti,,Kantakaupunki,Jyväskylä,Keski-Suomi,Suomi,fi,1,1,1,1,© OpenStreetMap contributors,Open Database License,https://www.openstreetmap.org/copyright
3456459-2,30888810,Arctic Panorama Resort,Golfkentäntie 14-16,96600,ROVANIEMI,Rovaniemi,Arctic Panorama Oy,01.11.2025,,66.5059976,25.8073979,"Golfkentäntie 15, 96600 Rovaniemi, Suomi",Golfkentäntie,15,Golfkentäntie,96600,Ylipää,Lappi,Rovaniemi,Rovaniemi,Lappi,Suomi,fi,0.63,1,1,0.7,,,
2857483-1,1064018,Terrace Kirppu ja Aquarius,Nykäläntie 137,62600,LAPPAJÄRVI,Lappajärvi,Lappajärven kesäteatteri Oy,29.04.2019,,63.2489913,23.643350639214574,"Hotelli Kivitippu, Nykäläntie 137, 62600 Lappajärvi, Suomi",Hotelli Kivitippu,137,Nykäläntie,62600,,,Ylinen,Lappajärvi,Etelä-Pohjanmaa,Suomi,fi,0.9,1,1,1,© OpenStreetMap contributors,Open Database License,https://www.openstreetmap.org/copyright
0180947-7,1071906,Mif Hockeybar,Idrottsvägen 4,66100,MAALAHTI,Maalahti,Malax Idrottsförening rf,18.09.2021,,62.938908,21.589137,"Idrottsvägen 4, 66100 Maalahti, Suomi",,4,Idrottsvägen,66100,,Pohjanmaa,Maalahti,Maalahti,Länsi ja Sisä-Suomi,Suomi,fi,0.45,1,1,0,© OpenStreetMap contributors,Open Database License,https://www.openstreetmap.org/copyright
0634348-5,1075656,Hotelliravintola Kumpu,Asemakatu 1,83500,OUTOKUMPU,Outokumpu,Uudet Urat ky,01.11.2022,,62.7262676,29.0146886,"Hotelliravintola Kumpu, Asemakatu 1, 83500 Outokumpu, Suomi",Hotelliravintola Kumpu,1,Asemakatu,83500,Räsälänmäki,,,Outokumpu,Pohjois-Karjala,Suomi,fi,1,1,1,1,© OpenStreetMap contributors,Open Database License,https://www.openstreetmap.org/copyright
3155798-7,1071473,Grannas Bistro,Getavägen 1406,22330,TJUDÖ,Finström,Shineschia Ab,02.06.2021,,63.140673,24.173101,"Möksyntie 1406, 62900 Alajärvi, Suomi",,1406,Möksyntie,62900,,Etelä-Pohjanmaa,,Alajärvi,Länsi ja Sisä-Suomi,Suomi,fi,0,,,0,© OpenAddresses contributors,BSD-3-Clause License,
2196357-8,1048573,Pancho Villa Pori,Siltapuistokatu 14,28100,PORI,Pori,JH-Ravintolat Oy,30.10.2014,,61.494621050000006,21.800424346152685,"Kauppakeskus Puuvilla, Siltapuistokatu 14, 28100 Pori, Suomi",Kauppakeskus Puuvilla,14,Siltapuistokatu,28100,Isosanta,,,Pori,Satakunta,Suomi,fi,0.9,1,1,1,© OpenStreetMap contributors,Open Database License,https://www.openstreetmap.org/copyright
2942737-4,1062887,Split45,Kauppakatu 45,85800,HAAPAJÄRVI,Haapajärvi,Keila ja Kunto Split45 Oy,12.10.2018,,63.7544816,25.3114138,"Kauppakatu 45, 85800 Haapajärvi, Suomi",Kauppakatu,45,Kauppakatu,85800,,,Laurikkala,Haapajärvi,Pohjois-Pohjanmaa,Suomi,fi,0.9,1,1,1,© OpenStreetMap contributors,Open Database License,https://www.openstreetmap.org/copyright
3145653-7,1069013,Hotelli Kauhajoen Krouvi,Topeeka 30,61800,KAUHAJOKI,Kauhajoki,Hotelli Kauhajoki Oy,20.07.2020,,62.4243577,22.1778117,"Topeeka 30, 61800 Kauhajoki, Suomi",Topeeka,30,Topeeka,61800,Kuja-Kokko,,,Kauhajoki,Etelä-Pohjanmaa,Suomi,fi,0.9,1,1,1,© OpenStreetMap contributors,Open Database License,https://www.openstreetmap.org/copyright
2639255-9,1067942,Levant Kallio,Vaasankatu 25,500,HELSINKI,Helsinki,Syriana Finland Oy,11.05.2020,,60.1884887,24.953783,"Ramona, Vaasankatu 25, 00500 Helsinki, Suomi",Ramona,25,Vaasankatu,00500,Alppiharju,,Keskinen suurpiiri,Helsinki,Uusimaa,Suomi,fi,0.9,1,1,1,© OpenStreetMap contributors,Open Database License,https://www.openstreetmap.org/copyright
0186183-0,30885286,Kalateltta,Maakunnan ranta,88900,KUHMO,Kuhmo,Hotelli Kainuu Oy,12.07.2024,,64.11627995,29.592637854159236,"Kalevalan leirintäalueen ranta, Väinämöinen, 88900 Kuhmo, Suomi",Kalevalan leirintäalueen ranta,,Väinämöinen,88900,Kalevala,Kainuu,,Kuhmo,Kainuu,Suomi,fi,0.2608695652173913,1,0.2608695652173913,,© OpenStreetMap contributors,Open Database License,https://www.openstreetmap.org/copyright
2798119-5,30055703,Vaiha Asema,Mannerheimintie 1,50100,MIKKELI,Mikkeli,Vaiha Oy,01.10.2020,,61.6878935,27.2775241,"Vaiha Asema, Mannerheimintie 1, 50100 Mikkeli, Suomi",Vaiha Asema,1,Mannerheimintie,50100,Savilahti,,Mikkeli,Mikkeli,Etelä-Savo,Suomi,fi,1,1,1,1,© OpenStreetMap contributors,Open Database License,https://www.openstreetmap.org/copyright
3512892-8,30887488,Ravintola pronto,Ulappakatu 1 d 12 lt,2320,ESPOO,Espoo,Lillans Café Oy,07.05.2025,,60.2049651,24.6559808,"Espoo, Uusimaa, Suomi",,,,,,,,Espoo,Uusimaa,Suomi,fi,0.25,1,,,© OpenStreetMap contributors,Open Database License,https://www.openstreetmap.org/copyright
3337331-3,30881278,Iguana Arabia,Hämeentie 111,550,HELSINKI,Helsinki,A2Z Hospitality OY,28.04.2023,,60.2025587,24.967831,"Hämeentie 111, 00560 Helsinki, Suomi",,111,Hämeentie,00560,Toukola,,Keskinen suurpiiri,Helsinki,Uusimaa,Suomi,fi,1,1,1,1,© OpenStreetMap contributors,Open Database License,https://www.openstreetmap.org/copyright
1928598-2,1017666,Sino's shashlik ja Steakhouse,Kapteeninkatu 14,48100,KOTKA,Kotka,T:mi Sinolee,05.12.2017,,60.4635399,26.9413885,"Oliivi, Kapteeninkatu 14, 48100 Kotka, Suomi",Oliivi,14,Kapteeninkatu,48100,Kotkansaari 3,,,Kotka,Kymenlaakso,Suomi,fi,0.9,1,1,1,© OpenStreetMap contributors,Open Database License,https://www.openstreetmap.org/copyright
0993438-7,1050030,Farmigolf,Vaihmalantie 120,37500,LEMPÄÄLÄ,Lempäälä,Isoperi Oy,01.03.2018,,61.298234,23.777502,"Hiisi-Golf, Vaihmalantie 120, 37500 Lempäälä, Suomi",Hiisi-Golf,120,Vaihmalantie,37500,Maakala,Pirkanmaa,Lempäälä,Lempäälä,Länsi ja Sisä-Suomi,Suomi,fi,0.9,1,1,1,© OpenAddresses contributors,BSD-3-Clause License,
1029913-0,30882363,Vuokatti Areenan halli ja areenat,Opistontie 1C,88610,VUOKATTI,Sotkamo,Sport Fellows Oulu Oy,06.07.2023,,64.1415388,28.2856008,"Opistontie 1b, 88610 Vuokatti, Suomi",Opistontie,1b,Opistontie,88610,,,,Vuokatti,Kainuu,Suomi,fi,0.855,1,1,0.95,© OpenStreetMap contributors,Open Database License,https://www.openstreetmap.org/copyright
3273094-8,1075739,M&M Curry 510,Tammelantori,33100,TAMPERE,Tampere,M&M Curry 510 Oy,01.11.2022,,61.50171105,23.778747857596255,"Tammelantori, 33500 Tampere, Suomi",Tammelantori,,Tammelantori,33500,Tammela,,Keskustan suuralue,Tampere,Pirkanmaa,Suomi,fi,0.5,1,1,,© OpenStreetMap contributors,Open Database License,https://www.openstreetmap.org/copyright
3098098-6,1070074,Ravintola Kulmahuone,Lappeentie 18,55100,IMATRA,Imatra,Hullu Kettu Oy,11.01.2021,,61.1710688,28.7653543,"Hopealusikka, Lappeentie 18, 55100 Imatra, Suomi",Hopealusikka,18,Lappeentie,55100,Imatrankoski,,Imatrankoski,Imatra,Etelä-Karjala,Suomi,fi,0.9,1,1,1,© OpenStreetMap contributors,Open Database License,https://www.openstreetmap.org/copyright
0892565-7,1063369,Ravintola Erika,Lahdenkatu 46,15210,LAHTI,Lahti,Lahden Tähtihuolto Oy,27.12.2018,,60.9948064,25.6640666,"Ravintola Erika, Lahdenkatu 46, 15210 Lahti, Suomi",Ravintola Erika,46,Lahdenkatu,15210,Kiveriö,,,Lahti,Päijät-Häme,Suomi,fi,1,1,1,1,© OpenStreetMap contributors,Open Database License,https://www.openstreetmap.org/copyright
1848152-7,1041130,Sahrami,Torikatu 5-7,54800,SAVITAIPALE,Savitaipale,TOK Ravintolat Oy,01.11.2003,,61.1972574,27.6827536,"Sahrami, Torikatu 5-7, 54800 Savitaipale, Suomi",Sahrami,5-7,Torikatu,54800,Keskusta,,,Savitaipale,Etelä-Karjala,Suomi,fi,1,1,1,1,© OpenStreetMap contributors,Open Database License,https://www.openstreetmap.org/copyright
1957941-1,1050936,Teboil Suonenjoki,Koulukatu 1,77600,SUONENJOKI,Suonenjoki,TB-Auto Suonenjoki Oy,01.03.2018,,62.628349,27.1159127,"Teboil Suonenjoki, Koulukatu 1, 77600 Suonenjoki, Suomi",Teboil Suonenjoki,1,Koulukatu,77600,,,,Suonenjoki,Pohjois-Savo,Suomi,fi,1,1,1,1,© OpenStreetMap contributors,Open Database License,https://www.openstreetmap.org/copyright
2710943-6,1051856,BAR HELMI,Hitsaajankatu 14,810,HELSINKI,Helsinki,Hesan Helmi Oy,01.11.2015,,60.1930082,25.0303993,"Hitsaajankatu 14, 00810 Helsinki, Suomi",,14,Hitsaajankatu,00810,Herttoniemi,,Kaakkoinen suurpiiri,Helsinki,Uusimaa,Suomi,fi,1,1,1,1,© OpenStreetMap contributors,Open Database License,https://www.openstreetmap.org/copyright
3398190-9,30883432,bar-bumerang,jakomäentie 24,770,HELSINKI,Helsinki,Bita Oy,01.12.2023,,60.2540224,25.0769233,"Bar Bumerang, Jakomäentie 24, 00770 Helsinki, Suomi",Bar Bumerang,24,Jakomäentie,00770,Jakomäki,,Koillinen suurpiiri,Helsinki,Uusimaa,Suomi,fi,1,1,1,1,© OpenStreetMap contributors,Open Database License,https://www.openstreetmap.org/copyright
3360849-3,30888230,Hietasaari Beach Club,Hietasaari,65170,VAASA,Vaasa,Levak Oy,02.07.2025,01.07.2026,63.094313,21.594883,"Hietasaari, 65170 Vaasa, Suomi",,,Hietasaari,65170,,Pohjanmaa,Vaasa,Vaasa,Länsi ja Sisä-Suomi,Suomi,fi,1,1,1,,© OpenStreetMap contributors,Open Database License,https://www.openstreetmap.org/copyright
3373083-5,30883180,Liikuntakeskus Hutungin kahvio,Reinontie 7,40800,VAAJAKOSKI,Jyväskylä,Hutunki sports & wellbeing Oy,23.10.2023,,62.2405709,25.8644089,"Palloilukeskus Hutunki, Reinontie 7, 40800 Jyväskylä, Suomi",Palloilukeskus Hutunki,7,Reinontie,40800,Varaslahti,,Vaajakoski-Jyskä,Jyväskylä,Keski-Suomi,Suomi,fi,0.9,1,1,1,© OpenStreetMap contributors,Open Database License,https://www.openstreetmap.org/copyright
0922330-7,1063900,Ämyrin tanssilavan ravintola,Salkolantie 77,31470,SOMERNIEMI,Somero,Somerniemen vapaaehtoinen palokunta ry,11.05.2019,,60.57450785,23.74139802955878,"Salkolantie 77, 31470 Somero, Suomi",,77,Salkolantie,31470,,,,Somero,Varsinais-Suomi,Suomi,fi,0.9,1,1,1,© OpenStreetMap contributors,Open Database License,https://www.openstreetmap.org/copyright
0907162-2,1076025,Bar Cafe Columbia,Hallituskatu 3,45100,KOUVOLA,Kouvola,Colorado Baari Oy,01.01.2023,,60.8663014,26.70559679734469,"Kouvolan matkakeskus, Hallituskatu 3, 45100 Kouvola, Suomi",Kouvolan matkakeskus,3,Hallituskatu,45100,Keskusta,,Kouvolan keskustan suuralue,Kouvola,Kymenlaakso,Suomi,fi,0.9,1,1,1,© OpenStreetMap contributors,Open Database License,https://www.openstreetmap.org/copyright
3242832-7,1077021,Luckiefun's Sushibuffet Salo,Vilhonkatu 8,24100,SALO,Salo,Kostea Kurkku Oy,12.04.2023,,60.38635295,23.123648948222414,"Plaza, Vilhonkatu 8, 24100 Salo, Suomi",Plaza,8,Vilhonkatu,24100,Kauniainen,,,Salo,Varsinais-Suomi,Suomi,fi,0.9,1,1,1,© OpenStreetMap contributors,Open Database License,https://www.openstreetmap.org/copyright
2112598-8,1076291,Dylan Vaisala,Vanha Nurmijärventie 21,1670,VANTAA,Vantaa,Toothpicks and Honey Oy,09.01.2023,,60.28173365,24.877381757042862,"Vaisala Oyj, Vanha Nurmijärventie 21, 01670 Vantaa, Suomi",Vaisala Oyj,21,Vanha Nurmijärventie,01670,Vantaanlaakso,,Myyrmäen suuralue,Vantaa,Uusimaa,Suomi,fi,0.9,1,1,1,© OpenStreetMap contributors,Open Database License,https://www.openstreetmap.org/copyright
2557681-5,1045135,Jolene,Kauppakatu 18,70100,KUOPIO,Kuopio,Kuopion Pop-Up Oy,30.08.2013,,62.891557,27.6814294,"Bar Lasku, Kauppakatu 18, 70100 Kuopio, Suomi",Bar Lasku,18,Kauppakatu,70100,Multimäki,,,Kuopio,Pohjois-Savo,Suomi,fi,0.9,1,1,1,© OpenStreetMap contributors,Open Database License,https://www.openstreetmap.org/copyright
2872050-1,1059297,Bar-Cafe Notre Dame,Itämerenkatu 14 D 7,180,HELSINKI,Helsinki,Dorola Oy,02.11.2018,,60.1632015,24.9155624,"Ruoholahti, Itämerenkatu 14, 00180 Helsinki, Suomi",Ruoholahti,14,Itämerenkatu,00180,Ruoholahti,,Eteläinen suurpiiri,Helsinki,Uusimaa,Suomi,fi,0.9,1,1,1,© OpenStreetMap contributors,Open Database License,https://www.openstreetmap.org/copyright
0564528-9,1030868,Ravintola Tropiclandia,Kesäpolku 1,65100,VAASA,Vaasa,Puuharyhmä Oyj,01.03.2018,,63.087886,21.585956,"Kesäpolku 1, 65170 Vaasa, Suomi",,1,Kesäpolku,65170,,Pohjanmaa,,Vaasa,Länsi ja Sisä-Suomi,Suomi,fi,0.9,1,1,1,© OpenAddresses contributors,BSD-3-Clause License,
2247967-3,30031380,Kylmäluoman retkeilykeskus,Pajuluomantie 20,93540,TYRÖVAARA,Taivalkoski,Experience KL Oy,25.05.2018,,65.5844865,28.89997742478083,"Kylmäluoman retkeilykeskus, Pajuluomantie 20, 93540 Taivalkoski, Suomi",Kylmäluoman retkeilykeskus,20,Pajuluomantie,93540,,,,Taivalkoski,Pohjois-Pohjanmaa,Suomi,fi,1,1,1,1,© OpenStreetMap contributors,Open Database License,https://www.openstreetmap.org/copyright
0812289-7,1064052,Botnia Hotel & Restaurant,Kyrkvägen 8,68500,KRUUNUPYY,Kruunupyy,Oy Botnia-Foto Ab,15.04.2019,,63.727414,23.030756,"Kyrkvägen 8, 68500 Kruunupyy, Suomi",,8,Kyrkvägen,68500,,Pohjanmaa,Kruunupyy,Kruunupyy,Länsi ja Sisä-Suomi,Suomi,fi,0.9,1,1,1,© OpenAddresses contributors,BSD-3-Clause License,
0920150-3,1066563,Ristorante Momento,Pelttarinkatu 4,60320,SEINÄJOKI,Seinäjoki,Momento Fastfood Oy,29.10.2019,,62.79231276942861,22.795047629273704,"Pelttarinkatu 4, 60320 Seinäjoki, Suomi",Pelttarinkatu,4,Pelttarinkatu,60320,Kultavuori,Etelä-Pohjanmaa,,Seinäjoki,Etelä-Pohjanmaa,Suomi,fi,0.45,1,1,0,© OpenStreetMap contributors,Open Database License,https://www.openstreetmap.org/copyright
3269540-9,1074329,Ravintola restaurang Rönnäs,Ruukinrannantie 4,7750,ISNÄS,Loviisa,Oy MakuSmak Ab,01.06.2022,,60.371879,26.040312,"Ruukinrannantie 4, 07750 Loviisa, Suomi",,4,Ruukinrannantie,07750,,Uusimaa,,Loviisa,Etelä-Suomi,Suomi,fi,0.855,1,1,1,© OpenAddresses contributors,BSD-3-Clause License,
3271494-8,30888070,"Pilvenmäen ravirata ",Pilvenmäentie 7,30420,FORSSA,Forssa,H&C Team Oy,01.07.2025,,60.806624,23.5802765,"Pilvenmäentie 7, 30420 Forssa, Suomi",Pilvenmäentie,7,Pilvenmäentie,30420,Talsoila,,,Forssa,Kanta-Häme,Suomi,fi,0.9,1,1,1,© OpenStreetMap contributors,Open Database License,https://www.openstreetmap.org/copyright
2293485-9,1071948,Villa Wuorio ja Villa Bergvik,Vuorilahdentie 5,870,HELSINKI,Helsinki,BLC Partners Oy,24.07.2021,,60.1602252,25.04457400121359,"Vuorilahdentie 5, 00870 Helsinki, Suomi",,5,Vuorilahdentie,00870,Laajasalo,,Kaakkoinen suurpiiri,Helsinki,Uusimaa,Suomi,fi,1,1,1,1,© OpenStreetMap contributors,Open Database License,https://www.openstreetmap.org/copyright
3454288-7,30886877,Gadeplan,Annankatu 22,100,HELSINKI,Helsinki,De Fire Musketerer Oy,14.03.2025,,60.1667533,24.936931,"Annankatu 22, 00120 Helsinki, Suomi",,22,Annankatu,00120,Kamppi,,Eteläinen suurpiiri,Helsinki,Uusimaa,Suomi,fi,1,1,1,1,© OpenStreetMap contributors,Open Database License,https://www.openstreetmap.org/copyright
3310730-6,30886547,Kesäterassi Juustopata,Pien-Liikkalantie 6,46710,SIPPOLA,Kouvola,Paikalliin ry,03.03.2025,,60.73693245,27.00075704634076,"Taidekeskus Antares, Pien-Liikkalantie 6, 46710 Kouvola, Suomi",Taidekeskus Antares,6,Pien-Liikkalantie,46710,Sippola,,,Kouvola,Kymenlaakso,Suomi,fi,0.9,1,1,1,© OpenStreetMap contributors,Open Database License,https://www.openstreetmap.org/copyright
2325503-0,1072757,Check Inn,Hämeenkatu 12,5800,HYVINKÄÄ,Hyvinkää,Finre Oy,13.11.2021,,60.6329144,24.8624471,"Hämeenkatu 12, 05800 Hyvinkää, Suomi",Hämeenkatu,12,Hämeenkatu,05800,Tehdas,,,Hyvinkää,Uusimaa,Suomi,fi,0.9,1,1,1,© OpenStreetMap contributors,Open Database License,https://www.openstreetmap.org/copyright
3576210-1,30889438,Ratapässi Cafe&Wine,Asemanraitti,5400,JOKELA,Tuusula,Ratapässi Oy,07.02.2026,,60.871230499999996,21.834029163142773,"Jokela, Laitila, Varsinais-Suomi, Suomi",Jokela,,,,Jokela,,,Laitila,Varsinais-Suomi,Suomi,fi,0.25,1,,,© OpenStreetMap contributors,Open Database License,https://www.openstreetmap.org/copyright
1590945-2,30883359,Kartanohotelli Karhulan hovi,Ahlströmintie 26,48600,KOTKA,Kotka,Kotkan Saaret Oy,14.11.2023,,60.5120193,26.9280857,"Hotel Karhulan Hovi, Ahlströmintie 26, 48600 Kotka, Suomi",Hotel Karhulan Hovi,26,Ahlströmintie,48600,Karhula,,Viirinkallio,Kotka,Kymenlaakso,Suomi,fi,0.9,1,1,1,© OpenStreetMap contributors,Open Database License,https://www.openstreetmap.org/copyright
2848379-6,1058806,Ravintola Mayur,Aurinkoranta 8,990,HELSINKI,Helsinki,DHURBATARA OY,23.11.2017,,60.2012777,25.1497617,"Ravintola Mayur, Aurinkoranta 8, 00990 Helsinki, Suomi",Ravintola Mayur,8,Aurinkoranta,00990,Vuosaari,Uusimaa,Itäinen suurpiiri,Helsinki,Uusimaa,Suomi,fi,1,1,1,1,© OpenStreetMap contributors,Open Database License,https://www.openstreetmap.org/copyright
0973566-0,1048755,Pub Ramona,Patteristontie 2,80400,YLÄMYLLY,Liperi,Retiimi Oy,29.04.1988,,62.6170107,29.5561479,"Ramona, Patteristontie 2, 80400 Ylämylly, Suomi",Ramona,2,Patteristontie,80400,Lahdensuo,,,Ylämylly,Pohjois-Karjala,Suomi,fi,0.5,1,1,1,© OpenStreetMap contributors,Open Database License,https://www.openstreetmap.org/copyright
2121496-4,1064360,Vesijaon TuoreTori,Vesijaonraitti 303,17630,VESIJAKO,Padasjoki,Ahola Pasi Martti Tapani,18.05.2019,,61.3533792,25.0237016,"Aholan Tuoretori, Vesijaonraitti 303, 17630 Padasjoki, Suomi",Aholan Tuoretori,303,Vesijaonraitti,17630,,,,Padasjoki,Päijät-Häme,Suomi,fi,0.855,1,1,1,© OpenStreetMap contributors,Open Database License,https://www.openstreetmap.org/copyright
2629669-8,1056638,Pizzeria Via Tribunali,Sofiankatu 4,170,HELSINKI,Helsinki,Pyöreän Pöydän Pääty Oy,12.04.2017,,60.1684753,24.952034,"Pizzeria Via Tribunali, Sofiankatu 4, 00170 Helsinki, Suomi",Pizzeria Via Tribunali,4,Sofiankatu,00170,Kruununhaka,,Eteläinen suurpiiri,Helsinki,Uusimaa,Suomi,fi,1,1,1,1,© OpenStreetMap contributors,Open Database License,https://www.openstreetmap.org/copyright
2542843-3,1049491,Jávri Lodge,Tievapolku 9,99830,SAARISELKÄ,Inari,Jalgadas Oy,16.02.2015,,68.41686874999999,27.418992364987407,"Tievapolku 9, 99830 Saariselkä, Suomi",,9,Tievapolku,99830,,,,Saariselkä,Lappi,Suomi,fi,0.9,1,1,1,© OpenStreetMap contributors,Open Database License,https://www.openstreetmap.org/copyright
3360979-5,30882474,Tornion Keilahalli,teollisuuskatu 8-10,95420,TORNIO,Tornio,Sinikkaset,01.08.2023,,65.8439519,24.1825263,"Polar-Asuste, Teollisuuskatu 8-10, 95420 Tornio, Suomi",Polar-Asuste,8-10,Teollisuuskatu,95420,Pikku-Berliini,,,Tornio,Lappi,Suomi,fi,0.9,1,1,1,© OpenStreetMap contributors,Open Database License,https://www.openstreetmap.org/copyright
2339837-3,30075282,Kotipizza Niittykumpu,Merituulentie 36,2200,ESPOO,Espoo,KN Company Oy,09.08.2022,,60.170114999999996,24.764037201895185,"Kauppakeskus Niitty, Merituulentie 36, 02200 Espoo, Suomi",Kauppakeskus Niitty,36,Merituulentie,02200,Niittykumpu,,Suur-Tapiola,Espoo,Uusimaa,Suomi,fi,0.9,1,1,1,© OpenStreetMap contributors,Open Database License,https://www.openstreetmap.org/copyright
2372155-6,1056256,Fazer Café AINOA,Länsituulentie 7 LT 2.L20,2100,ESPOO,Espoo,Fazer Ravintolat Oy,15.03.2017,,60.2049651,24.6559808,"Espoo (Espoo), Uusimaa, Suomi",,,,2100,,Uusimaa,Espoo,Espoo,Uusimaa,Suomi,fi,0.25,1,,,© OpenStreetMap contributors,Open Database License,https://www.openstreetmap.org/copyright
2200737-7,1029528,Ravintola Viatoni,Kallioruohonpolku 2,1300,VANTAA,Vantaa,Ganga DK Trading Oy,17.07.2008,,60.30568627828062,25.022745406279377,"Kallioruohonpolku 2, 01300 Vantaa, Suomi",Kallioruohonpolku,2,Kallioruohonpolku,01300,Simonkylä,,Tikkurilan suuralue,Vantaa,Uusimaa,Suomi,fi,0.45,1,1,0,© OpenStreetMap contributors,Open Database License,https://www.openstreetmap.org/copyright
3243204-3,1073554,B&B Korsman,Korsmaninkatu 46 C 10,10900,HANKO,Hanko,Majoitus ja Catering Hanko Oy,05.04.2022,,59.8271782,22.973807,"Korsmaninkatu 46, 10900 Hanko, Suomi",Korsmaninkatu,46,Korsmaninkatu,10900,Keskusta,,Tehtaanniemi,Hanko,Uusimaa,Suomi,fi,0.9,1,1,1,© OpenStreetMap contributors,Open Database License,https://www.openstreetmap.org/copyright
2362621-7,1037093,Bar Ihku Levi,Keskuskuja 3 A,99130,SIRKKA,Kittilä,Tunturiviihde Oy,01.02.2011,,67.80468075,24.80415808459214,"Keskuskuja 3, 99130 Sirkka, Suomi",,3,Keskuskuja,99130,,,,Sirkka,Lappi,Suomi,fi,0.9,1,1,1,© OpenStreetMap contributors,Open Database License,https://www.openstreetmap.org/copyright
3277491-6,30888128,Itsuyaki Ratina,Vuolteenkatu 1,33100,TAMPERE,Tampere,Nuzi Oy,01.07.2025,,61.4929076,23.7669191,"Instrumentarium, Vuolteenkatu 1, 33100 Tampere, Suomi",Instrumentarium,1,Vuolteenkatu,33100,Ratina,,Keskustan suuralue,Tampere,Pirkanmaa,Suomi,fi,0.9,1,1,1,© OpenStreetMap contributors,Open Database License,https://www.openstreetmap.org/copyright
2928771-1,30885393,Cafe Blanka,Mannerheimintie 95,270,HELSINKI,Helsinki,Tmi Patricia Lindqvist,01.09.2024,,60.1970788,24.9019409,"Mannerheimintie 95, 00270 Helsinki, Suomi",,95,Mannerheimintie,00270,Laakso,Uusimaa,Läntinen suurpiiri,Helsinki,Uusimaa,Suomi,fi,1,1,1,1,© OpenStreetMap contributors,Open Database License,https://www.openstreetmap.org/copyright
1761478-9,30884128,Kullo Golf Club,Golftie 119,6830,KULLOONKYLÄ,Porvoo,Kullo Golf Oy,15.04.2024,,60.3323,25.499732,"Golftie 119, 06830 Porvoo, Suomi",,119,Golftie,06830,,Uusimaa,,Porvoo,Etelä-Suomi,Suomi,fi,0.855,1,1,1,© OpenAddresses contributors,BSD-3-Clause License,
1582099-2,1074468,Kaurialan kenttä,Brahenkatu 2-4,13130,HÄMEENLINNA,Hämeenlinna,Hämeenlinnan Jalkapalloseura ry,06.06.2022,,60.994644928609766,24.440136028283714,"Brahenkatu, 13130 Hämeenlinna, Suomi",Brahenkatu,,Brahenkatu,13130,Kauriala,,Hämeenlinna,Hämeenlinna,Kanta-Häme,Suomi,fi,0.5,1,1,,© OpenStreetMap contributors,Open Database License,https://www.openstreetmap.org/copyright
2718333-7,1052315,8Baari,Ylioppilaankatu 6-8,33720,TAMPERE,Tampere,Tmi Perin,01.01.2016,,61.4469317,23.8321988,"Hervannan Eläinlääkärit, Ylioppilaankatu 6-8, 33720 Tampere, Suomi",Hervannan Eläinlääkärit,6-8,Ylioppilaankatu,33720,Hervanta,,Kaakkoinen suuralue,Tampere,Pirkanmaa,Suomi,fi,0.9,1,1,1,© OpenStreetMap contributors,Open Database License,https://www.openstreetmap.org/copyright
1716563-7,1074378,Ravintola Capri,Keskusraitti 2,5200,RAJAMÄKI,Nurmijärvi,Tunc Kardesler Oy,11.05.2022,,60.5280426,24.7555354,"Ipanalle, Keskusraitti 2, 05200 Rajamäki, Suomi",Ipanalle,2,Keskusraitti,05200,Rajamäki,,,Rajamäki,Uusimaa,Suomi,fi,0.9,1,1,1,© OpenStreetMap contributors,Open Database License,https://www.openstreetmap.org/copyright
1080565-4,30472779,Restaurant Captain Hook Finland,Kehräsaari 101,33200,TAMPERE,Tampere,Suomen Siipiravintolat Oy,06.04.2018,,61.4955763,23.7633944,"Hook Tampere, Kehräsaaren satamakuja 101, 33200 Tampere, Suomi",Hook Tampere,101,Kehräsaaren satamakuja,33200,Nalkala,Pirkanmaa,Keskustan suuralue,Tampere,Pirkanmaa,Suomi,fi,0.9,1,1,1,© OpenStreetMap contributors,Open Database License,https://www.openstreetmap.org/copyright
2971937-7,30885948,Bar 52,Heikkiläntie 2,210,HELSINKI,Helsinki,Avinoor Oy,17.10.2024,,60.1543194,24.8799804,"Bar '52, Heikkiläntie 2, 00210 Helsinki, Suomi",Bar '52,2,Heikkiläntie,00210,Lauttasaari,,Eteläinen suurpiiri,Helsinki,Uusimaa,Suomi,fi,1,1,1,1,© OpenStreetMap contributors,Open Database License,https://www.openstreetmap.org/copyright
2905048-2,1062558,Teatteriravintola ILO,Kauppakeskus Akseli,50100,MIKKELI,Mikkeli,Ohjelmatalo Näytellä ja Näprätä Oy,28.09.2018,,61.689113,27.273858,"Kauppakeskus Stella, 50100 Mikkeli, Suomi",,,Kauppakeskus Stella,50100,,Etelä-Savo,Mikkeli,Mikkeli,Itä-Suomi,Suomi,fi,0.16666666666666666,1,0.16666666666666666,,© OpenStreetMap contributors,Open Database License,https://www.openstreetmap.org/copyright
2245018-4,1060881,Opetusravintola Woitto,Tiedepuisto 3,28600,PORI,Pori,Länsirannikon Koulutus Oy,01.08.2018,,61.4932304,21.7254673,"WinNova, Tiedepuisto 3, 28600 Pori, Suomi",WinNova,3,Tiedepuisto,28600,Vähärauma,,,Pori,Satakunta,Suomi,fi,0.9,1,1,1,© OpenStreetMap contributors,Open Database License,https://www.openstreetmap.org/copyright
2952108-8,1063690,Bar Llamas,Iso Roobertinkatu 14,120,HELSINKI,Helsinki,Calluna Ravintolat Oy,07.02.2019,,60.1634565,24.9424003,"Bar Llamas, Iso Roobertinkatu 14, 00120 Helsinki, Suomi",Bar Llamas,14,Iso Roobertinkatu,00120,Punavuori,,Eteläinen suurpiiri,Helsinki,Uusimaa,Suomi,fi,1,1,1,1,© OpenStreetMap contributors,Open Database License,https://www.openstreetmap.org/copyright
2241034-2,1048355,Cafe&Bar Petisco,Tehtaankatu 38,150,HELSINKI,Helsinki,AatuBar Oy,09.09.2014,,60.1576583,24.9347707,"Osteria dei Mancini, Tehtaankatu 38, 00150 Helsinki, Suomi",Osteria dei Mancini,38,Tehtaankatu,00150,Punavuori,Uusimaa,Eteläinen suurpiiri,Helsinki,Uusimaa,Suomi,fi,0.9,1,1,1,© OpenStreetMap contributors,Open Database License,https://www.openstreetmap.org/copyright
3515811-5,30888192,Momentine Wine Bar,Sofiankatu 3,170,HELSINKI,Helsinki,Momentine Wine Bar Oy,21.07.2025,,60.1688122,24.952283,"Sofiankatu 3, 00170 Helsinki, Suomi",,3,Sofiankatu,00170,Kruununhaka,,Eteläinen suurpiiri,Helsinki,Uusimaa,Suomi,fi,1,1,1,1,© OpenStreetMap contributors,Open Database License,https://www.openstreetmap.org/copyright
2917861-1,30062756,Kortteliravintola Arvo,Puutarhakatu 34,20100,TURKU,Turku,Arvoravintolat Oy,20.04.2020,,60.4470273,22.2454182,"Arvo, Puutarhakatu 34, 20100 Turku, Suomi",Arvo,34,Puutarhakatu,20100,Keskusta,,Kakolanmäki,Turku,Varsinais-Suomi,Suomi,fi,0.9,1,1,1,© OpenStreetMap contributors,Open Database License,https://www.openstreetmap.org/copyright
3496171-5,30887913,Apex Food,Sammonkatu 44,33540,TAMPERE,Tampere,APEX Jakelu Oy,01.08.2025,,61.4960066,23.8040454,"Apex Food, Sammonkatu 44, 33540 Tampere, Suomi",Apex Food,44,Sammonkatu,33540,Kalevanrinne,,Keskustan suuralue,Tampere,Pirkanmaa,Suomi,fi,1,1,1,1,© OpenStreetMap contributors,Open Database License,https://www.openstreetmap.org/copyright
3232475-5,1072967,Pepper Bar & Restaurant - kangasala,Kuohunharjuntie 26,36200,KANGASALA,Kangasala,Pepper Ravintolat Oy,01.01.2022,,61.4625215,24.076625,"Pizzeria Bene, Kuohunharjuntie 26, 36200 Kangasala, Suomi",Pizzeria Bene,26,Kuohunharjuntie,36200,Huhmari,,,Kangasala,Pirkanmaa,Suomi,fi,0.9,1,1,1,© OpenStreetMap contributors,Open Database License,https://www.openstreetmap.org/copyright
2745728-9,1052855,Ravintola Natura,Iso Roobertinkatu 11,120,HELSINKI,Helsinki,rCity Oy,01.04.2016,,60.1635113,24.9418972,"Iso Roobertinkatu 11, 00120 Helsinki, Suomi",,11,Iso Roobertinkatu,00120,Punavuori,,Eteläinen suurpiiri,Helsinki,Uusimaa,Suomi,fi,1,1,1,1,© OpenStreetMap contributors,Open Database License,https://www.openstreetmap.org/copyright
0944999-8,30888595,Kahvila-Ravintola Pinetto,Keinulaudantie 2 a,940,HELSINKI,Helsinki,Pika-Bangla Oy,01.09.2025,,60.2360683,25.0815062,"Keinulaudantie 2 a, 00940 Helsinki, Suomi",,2 a,Keinulaudantie,00940,Kontula,,Itäinen suurpiiri,Helsinki,Uusimaa,Suomi,fi,1,1,1,1,© OpenStreetMap contributors,Open Database License,https://www.openstreetmap.org/copyright
0658353-4,1045952,Metro Areenan ravintolat,Urheilupuistontie 3,2200,ESPOO,Espoo,Restel Ravintolat Oy,16.12.2013,,60.17780225,24.785946482692907,"Espoo Metro Areena, Urheilupuistontie 3, 02200 Espoo, Suomi",Espoo Metro Areena,3,Urheilupuistontie,02200,Tapiola,,Suur-Tapiola,Espoo,Uusimaa,Suomi,fi,0.9,1,1,1,© OpenStreetMap contributors,Open Database License,https://www.openstreetmap.org/copyright
2579988-3,30068176,Ravintola Rouhe,Lompolontie 3,95970,ÄKÄSLOMPOLO,Kolari,Rouhe Ravintolat Oy,08.04.2020,,67.6054806,24.1391852,"Ravintola Rouhe, Lompolontie 3, 95970 Kolari, Suomi",Ravintola Rouhe,3,Lompolontie,95970,,,,Kolari,Lappi,Suomi,fi,1,1,1,1,© OpenStreetMap contributors,Open Database License,https://www.openstreetmap.org/copyright
3585074-2,30889310,Iloinen Karhu,Ostoskatu 8-10,15500,LAHTI,Lahti,Iloinen Karhu Oy,01.01.2026,,60.961930073297616,25.66595855319242,"Ostoskatu, 15500 Lahti, Suomi",Ostoskatu,,Ostoskatu,15500,Liipola,Päijät-Häme,Lahti,Lahti,Päijät-Häme,Suomi,fi,0.5,1,1,,© OpenStreetMap contributors,Open Database License,https://www.openstreetmap.org/copyright
0750509-5,1051691,Kulosaaren Casino,Hopeasalmenpolku 1,570,HELSINKI,Helsinki,Royal Ravintolat Oy,02.01.2003,,60.1807489,25.006415690071147,"Hopeasalmenpolku 1, 00570 Helsinki, Suomi",,1,Hopeasalmenpolku,00570,Kulosaari,,Kaakkoinen suurpiiri,Helsinki,Uusimaa,Suomi,fi,1,1,1,1,© OpenStreetMap contributors,Open Database License,https://www.openstreetmap.org/copyright
2879132-6,1064659,Kotipizza Ylöjärvi,Elotie 1,33470,YLÖJÄRVI,Ylöjärvi,Heidu Oy,01.05.2019,,61.5581668,23.5716982,"Jula, Elotie 1, 33470 Ylöjärvi, Suomi",Jula,1,Elotie,33470,Elovainio,,,Ylöjärvi,Pirkanmaa,Suomi,fi,0.9,1,1,1,© OpenStreetMap contributors,Open Database License,https://www.openstreetmap.org/copyright
2028763-5,30883956,"Bageri&Café Carl de Mumma ",rådshustorget,10600,TAMMISAARI,Raasepori,Carl de Mumma Oy Ab,18.03.2024,,59.9746146,23.4357455,"10600 Tammisaari (Raasepori), Suomi",,,,10600,,,,Raasepori,Uusimaa,Suomi,fi,0.25,1,,,© OpenStreetMap contributors,Open Database License,https://www.openstreetmap.org/copyright
1466064-0,1010079,Rutumin kartano,Hasselblattintie 5,7810,INGERMANINKYLÄ,Lapinjärvi,Rutumin Kartano Ky,14.06.2000,,60.60341,26.118773,"Hasselblattintie 5b, 07810 Lapinjärvi, Suomi",,5b,Hasselblattintie,07810,,Uusimaa,,Lapinjärvi,Etelä-Suomi,Suomi,fi,0.81225,1,1,0.95,© OpenAddresses contributors,BSD-3-Clause License,
3449368-3,30889056,NOA Villas,Korpijoentie 575,99550,ASKA,Sodankylä,Lappi Cabins Oy,01.12.2025,,67.290852,26.6948352,"Aska (Sodankylä), Lappi, Suomi",,,,,,,,Sodankylä,Lappi,Suomi,fi,0.25,1,,,© OpenStreetMap contributors,Open Database License,https://www.openstreetmap.org/copyright
2523035-5,30043550,Ravintola Kibar`s Lavola,Merenlahdentie 12,53850,LAPPEENRANTA,Lappeenranta,SARIN KIOSKI-RAVINTOLAT OY,01.06.2020,,61.0456295,28.1102487,"KiBar's, Merenlahdentie 12, 53850 Lappeenranta, Suomi",KiBar's,12,Merenlahdentie,53850,Lavola,,,Lappeenranta,Etelä-Karjala,Suomi,fi,0.9,1,1,1,© OpenStreetMap contributors,Open Database License,https://www.openstreetmap.org/copyright
1607413-5,1069028,Ravintola Sigyn,Linnankatu 60,20100,TURKU,Turku,Unica Oy,01.08.2020,,60.4382686,22.2385561,"Turun konservatorio, Linnankatu 60, 20100 Turku, Suomi",Turun konservatorio,60,Linnankatu,20100,Keskusta,,Linnanfältti,Turku,Varsinais-Suomi,Suomi,fi,0.9,1,1,1,© OpenStreetMap contributors,Open Database License,https://www.openstreetmap.org/copyright
3210837-4,30072103,Panorama Bar,Tahkomäentie 333,73310,TAHKOVUORI,Kuopio,Panorama Resort Oy,01.10.2021,,63.2936973,28.0013766,"Tahkomäentie 333, 73310 Kuopio, Suomi",Tahkomäentie,333,Tahkomäentie,73310,,,Nilsiä,Kuopio,Pohjois-Savo,Suomi,fi,0.64125,1,1,0.75,© OpenStreetMap contributors,Open Database License,https://www.openstreetmap.org/copyright
3190724-6,30888173,Pallas,Karhulantie 36,48100,KOTKA,Kotka,Pat & Mat Oy,21.07.2025,,60.5145384,26.9311593,"Karhulantie 36, 48600 Kotka, Suomi",,36,Karhulantie,48600,Karhula,,Kolmikulma,Kotka,Kymenlaakso,Suomi,fi,1,1,1,1,© OpenStreetMap contributors,Open Database License,https://www.openstreetmap.org/copyright
3510473-1,30888015,Ravintola Bamboo Bee,Aleksanterinkatu 15,15110,LAHTI,Lahti,FiliRest Oy,16.06.2025,,60.9828476,25.6573292,"K. I. Kaukon Kello ja Kulta, Aleksanterinkatu 15, 15110 Lahti, Suomi",K. I. Kaukon Kello ja Kulta,15,Aleksanterinkatu,15110,Keski-Lahti,,,Lahti,Päijät-Häme,Suomi,fi,0.9,1,1,1,© OpenStreetMap contributors,Open Database License,https://www.openstreetmap.org/copyright
3443952-1,30885988,Osaka Teppanyaki,Koskikatu 25,96200,ROVANIEMI,Rovaniemi,Lilai Oy,01.12.2024,,66.5028901,25.725270093212337,"Kauppakeskus Rinteenkulma, Koskikatu 25, 96200 Rovaniemi, Suomi",Kauppakeskus Rinteenkulma,25,Koskikatu,96200,Keskusta,,,Rovaniemi,Lappi,Suomi,fi,0.9,1,1,1,© OpenStreetMap contributors,Open Database License,https://www.openstreetmap.org/copyright
3136967-9,30884321,Pearl,Kanavaranta 4,160,HELSINKI,Helsinki,MM Experience Oy,13.05.2024,,60.1690712,24.9634305,"Kanavaranta 4, 00160 Helsinki, Suomi",,4,Kanavaranta,00160,Katajanokka,,Eteläinen suurpiiri,Helsinki,Uusimaa,Suomi,fi,1,1,1,1,© OpenStreetMap contributors,Open Database License,https://www.openstreetmap.org/copyright
2854619-5,30058753,Pub Peräkammari,Eerikinkatu 2,100,HELSINKI,Helsinki,Erustus Oy,08.04.2020,,60.1677885,24.9372757,"Pub Peräkammari, Eerikinkatu 2, 00100 Helsinki, Suomi",Pub Peräkammari,2,Eerikinkatu,00100,Kamppi,,Eteläinen suurpiiri,Helsinki,Uusimaa,Suomi,fi,1,1,1,1,© OpenStreetMap contributors,Open Database License,https://www.openstreetmap.org/copyright
2979165-1,1066186,Koto Hotelli Pihtipudas,Keskustie 2,44800,PIHTIPUDAS,Pihtipudas,Koto Hotelli Pihtipudas Oy,01.09.2019,,63.369727,25.578962,"Keskustie 2, 44800 Pihtipudas, Suomi",,2,Keskustie,44800,,Keski-Suomi,Pihtipudas,Pihtipudas,Länsi ja Sisä-Suomi,Suomi,fi,0.9,1,1,1,© OpenAddresses contributors,BSD-3-Clause License,
0864235-8,1073474,Ravintola Wanha Satama,Matkustajasatama,70100,KUOPIO,Kuopio,Osuuskauppa PeeÄssä,29.04.1994,,62.8913783039886,27.684902863817662,"70100 Kuopio, Suomi",,,,70100,,,,Kuopio,Pohjois-Savo,Suomi,fi,0.25,1,,,© OpenStreetMap contributors,Open Database License,https://www.openstreetmap.org/copyright
1009683-5,1876057,Laren Baari,Sihtuunantie 26,95590,TORNIO,Tornio,Laren Baari,01.12.2000,,66.02219214096111,24.394002329727037,"Sihtuunantie, 95590 Tornio, Suomi",Sihtuunantie,,Sihtuunantie,95590,,,,Tornio,Lappi,Suomi,fi,0.5,1,1,,© OpenStreetMap contributors,Open Database License,https://www.openstreetmap.org/copyright
3558174-9,30889077,Risky Business,Hämeenkatu 10,33100,TAMPERE,Tampere,Dive Bar Finland Oy,17.11.2025,,61.498603849999995,23.768122636342596,"Entinen Osuusliike Voiman toimitalo, Hämeenkatu 10, 33100 Tampere, Suomi",Entinen Osuusliike Voiman toimitalo,10,Hämeenkatu,33100,Kyttälä,,Keskustan suuralue,Tampere,Pirkanmaa,Suomi,fi,0.9,1,1,1,© OpenStreetMap contributors,Open Database License,https://www.openstreetmap.org/copyright
2846526-4,1060378,Wonderland,Konepajankuja 1,510,HELSINKI,Helsinki,Williamshill Oy,08.05.2018,,60.191312,24.9491906,"Wonderland, Konepajankuja 1, 00510 Helsinki, Suomi",Wonderland,1,Konepajankuja,00510,Vallila,,Keskinen suurpiiri,Helsinki,Uusimaa,Suomi,fi,1,1,1,1,© OpenStreetMap contributors,Open Database License,https://www.openstreetmap.org/copyright
2654357-2,1049238,Mikko Utter,Kauppakatu 16 L16,8100,LOHJA,Lohja,Mikko Utter Oy,26.01.2015,,60.2508471,24.0668818,"Mikko Utter, Kauppakatu 16, 08100 Lohja, Suomi",Mikko Utter,16,Kauppakatu,08100,Ahtsalmi,,Lohja,Lohja,Uusimaa,Suomi,fi,1,1,1,1,© OpenStreetMap contributors,Open Database License,https://www.openstreetmap.org/copyright
3560683-8,30888940,Together we Bloom,"Kolmas linja 12 ",530,HELSINKI,Helsinki,Ladies who spa Oy,27.10.2025,,60.1823675,24.949012,"Kolmas linja 12, 00530 Helsinki, Suomi",,12,Kolmas linja,00530,Kallio,,Keskinen suurpiiri,Helsinki,Uusimaa,Suomi,fi,1,1,1,1,© OpenStreetMap contributors,Open Database License,https://www.openstreetmap.org/copyright
2758000-9,1058399,Laukaanhovi,Ruuhimäentie 1,41400,LIEVESTUORE,Laukaa,Ruokalandia Oy,16.09.2017,,62.2457844,26.135709,"Laukaanhovi, Ruuhimäentie 1, 41400 Lievestuore, Suomi",Laukaanhovi,1,Ruuhimäentie,41400,,,,Lievestuore,Keski-Suomi,Suomi,fi,1,1,1,1,© OpenStreetMap contributors,Open Database License,https://www.openstreetmap.org/copyright
2601705-4,1046437,da Vinci Ristorante,Siltasaarenkatu 11 LH M3-M5,530,HELSINKI,Helsinki,Nako Oy,02.02.2016,,60.1666204,24.9435408,"Helsinki, Uusimaa, Suomi",,,,,,,,Helsinki,Uusimaa,Suomi,fi,0.25,1,,,© OpenStreetMap contributors,Open Database License,https://www.openstreetmap.org/copyright
1576937-3,1170411,Harry's Bar & Café,Liisankatu 27,170,HELSINKI,Helsinki,JHG-Properties Oy,10.11.2000,,60.1741764,24.951923,"Liisankatu 27, 00170 Helsinki, Suomi",,27,Liisankatu,00170,Kruununhaka,,Eteläinen suurpiiri,Helsinki,Uusimaa,Suomi,fi,1,1,1,1,© OpenStreetMap contributors,Open Database License,https://www.openstreetmap.org/copyright
3180744-8,1070128,Ravintola Huhkajalampi,Räyskäläntie 311,12820,RÄYSKÄLÄ,Loppi,Ravintola Huhkajalampi Oy,21.01.2021,,60.7455074,24.1159438,"Räyskälän lentokenttä, Räyskäläntie 311, 12820 Loppi, Suomi",Räyskälän lentokenttä,311,Räyskäläntie,12820,,,,Loppi,Kanta-Häme,Suomi,fi,0.9,1,1,1,© OpenStreetMap contributors,Open Database License,https://www.openstreetmap.org/copyright
2613470-1,30886973,Gota bar & bites,Toivonkatu 1-3,250,HELSINKI,Helsinki,Töölön Ravintolat Oy,22.04.2025,,60.1843259,24.9244059,"Gota bar & bites, Toivonkatu 1-3, 00250 Helsinki, Suomi",Gota bar & bites,1-3,Toivonkatu,00250,Töölö,,Eteläinen suurpiiri,Helsinki,Uusimaa,Suomi,fi,1,1,1,1,© OpenStreetMap contributors,Open Database License,https://www.openstreetmap.org/copyright
3402161-9,30888876,Ravinteli Bertha,Rautatienkatu 14,33100,TAMPERE,Tampere,Paparest Oy,03.11.2025,,61.498968,23.7713661,"Ravinteli Bertha, Rautatienkatu 14, 33100 Tampere, Suomi",Ravinteli Bertha,14,Rautatienkatu,33100,Kyttälä,,Keskustan suuralue,Tampere,Pirkanmaa,Suomi,fi,1,1,1,1,© OpenStreetMap contributors,Open Database License,https://www.openstreetmap.org/copyright
2187680-2,1028592,Karhunpesä Kempele,Kauppatie 6,90440,KEMPELE,Kempele,Kempeleen Baarimestarit Oy,01.05.2008,,64.9123836,25.5067833,"Eläinlääkäriasema Nemo, Kauppatie 6, 90440 Kempele, Suomi",Eläinlääkäriasema Nemo,6,Kauppatie,90440,,,,Kempele,Pohjois-Pohjanmaa,Suomi,fi,0.9,1,1,1,© OpenStreetMap contributors,Open Database License,https://www.openstreetmap.org/copyright
2874050-2,30070855,Bistro Vilja,Hatanpäänvaltatie 40,33900,TAMPERE,Tampere,Siuroviihde Oy,13.05.2021,,61.47209430880503,23.743285561949687,"33900 Tampere, Suomi",,,,33900,Härmälä,,Eteläinen suuralue,Tampere,Pirkanmaa,Suomi,fi,0.25,1,,,© OpenStreetMap contributors,Open Database License,https://www.openstreetmap.org/copyright
3347207-1,30887429,Mr. Pastrami,Westendintie 99,2160,ESPOO,Espoo,Pit BBQ International Oy,05.05.2025,04.05.2026,60.1631231,24.7909733,"Mr. Pastrami, Westendintie 99, 02160 Espoo, Suomi",Mr. Pastrami,99,Westendintie,02160,Westend,,Suur-Tapiola,Espoo,Uusimaa,Suomi,fi,1,1,1,1,© OpenStreetMap contributors,Open Database License,https://www.openstreetmap.org/copyright
3403755-7,30883695,Madez Lounge Oy,Isokatu 15,67100,KOKKOLA,Kokkola,Madez Lounge Oy,18.02.2025,17.02.2026,63.8382383,23.1303688,"Isokatu 15, 67100 Kokkola, Suomi",,15,Isokatu,67100,Kosila,,,Kokkola,Keski-Pohjanmaa,Suomi,fi,0.9,1,1,1,© OpenStreetMap contributors,Open Database License,https://www.openstreetmap.org/copyright
1914687-8,30019047,Vehnämyllyn automuseo ja juhlatalo,Erämäentie 368,43500,KARSTULA,Karstula,Wanhat Wehkeet Oy,29.03.2018,,62.9096317,24.8221881,"Erämäentie 368, 43500 Karstula, Suomi",Erämäentie,368,Erämäentie,43500,,,,Karstula,Keski-Suomi,Suomi,fi,0.9,1,1,1,© OpenStreetMap contributors,Open Database License,https://www.openstreetmap.org/copyright
2954384-2,1063455,Kohtauspaikka Kajaani,Luomatie 123,88200,OTANMÄKI,Kajaani,Kohtauspaikka Kajaani,01.01.2019,,64.12742270000001,27.254508682106803,"SFC-kohtauspaikka, Luomatie 123, 88200 Kajaani, Suomi",SFC-kohtauspaikka,123,Luomatie,88200,,,,Kajaani,Kainuu,Suomi,fi,0.855,1,1,1,© OpenStreetMap contributors,Open Database License,https://www.openstreetmap.org/copyright
0932616-2,1010950,Neste Sotkamo,Kainuuntie 5,88600,SOTKAMO,Sotkamo,Hiukatti Oy,01.03.2018,,64.1299811,28.3805127,"Kainuuntie 5, 88600 Sotkamo, Suomi",Kainuuntie,5,Kainuuntie,88600,,,,Sotkamo,Kainuu,Suomi,fi,0.9,1,1,1,© OpenStreetMap contributors,Open Database License,https://www.openstreetmap.org/copyright
2424500-2,1039194,Sivukirjasto,Fleminginkatu 5,530,HELSINKI,Helsinki,Taberna Arcus Oy,03.10.2011,,60.1843808,24.9533486,"Sivukirjasto, Fleminginkatu 5, 00530 Helsinki, Suomi",Sivukirjasto,5,Fleminginkatu,00530,Kallio,,Keskinen suurpiiri,Helsinki,Uusimaa,Suomi,fi,1,1,1,1,© OpenStreetMap contributors,Open Database License,https://www.openstreetmap.org/copyright
2074890-5,1024929,El Monte - Ruokaravintola,Tähtitie 1,73310,TAHKOVUORI,Kuopio,Nöyrärenki Oy,01.02.2007,,63.2879746,28.0409817,"K-Market, Tähtitie 1, 73310 Kuopio, Suomi",K-Market,1,Tähtitie,73310,,,Nilsiä,Kuopio,Pohjois-Savo,Suomi,fi,0.855,1,1,1,© OpenStreetMap contributors,Open Database License,https://www.openstreetmap.org/copyright
2921869-5,1062276,Club Kapina,Keskuskatu 5,4600,MÄNTSÄLÄ,Mäntsälä,"Ersuar Group Oy ",01.09.2018,,60.5948803,22.9142833,"Mäntsälä (Marttila), Varsinais-Suomi, Suomi",,,,,,,,Marttila,Varsinais-Suomi,Suomi,fi,0.25,1,,,© OpenStreetMap contributors,Open Database License,https://www.openstreetmap.org/copyright
1815167-5,1084557,Ravintola Frendi,Vanha viertotie 10,350,HELSINKI,Helsinki,Lucky Industry Oy,10.06.2003,,60.2102786,24.8863327,"Vanha viertotie 10, 00320 Helsinki, Suomi",,10,Vanha viertotie,00320,Haaga,,Läntinen suurpiiri,Helsinki,Uusimaa,Suomi,fi,1,1,1,1,© OpenStreetMap contributors,Open Database License,https://www.openstreetmap.org/copyright
2786855-5,30068343,Restaurang Strand-Mölle,Sjövägen 271,66210,MOLPE,Korsnäs,Matbiten Kb,06.05.2020,,62.86552,21.242647,"Meritie, Sjövägen 271, 66210 Korsnäs, Suomi",Meritie,271,Sjövägen,66210,,Pohjanmaa,,Korsnäs,Länsi ja Sisä-Suomi,Suomi,fi,0.855,1,1,1,© OpenAddresses contributors,BSD-3-Clause License,
2826318-7,30056859,Cafe Bar Sokkala,Sokkalantie 11,50600,MIKKELI,Mikkeli,Cafe Bar Sokkala Ky,24.05.2018,,61.6694167,27.2060353,"Cafe Bar Sokkala, Sokkalantie 11, 50600 Mikkeli, Suomi",Cafe Bar Sokkala,11,Sokkalantie,50600,Rantakylä,,Mikkeli,Mikkeli,Etelä-Savo,Suomi,fi,1,1,1,1,© OpenStreetMap contributors,Open Database License,https://www.openstreetmap.org/copyright
3437605-7,30884270,Meijjän Grilli,Ouluntie 9 a,89200,PUOLANKA,Puolanka,Meijjän Grilli Oy,19.04.2024,,64.868628,27.6691764,"Ouluntie 9, 89201 Puolanka, Suomi",Ouluntie,9,Ouluntie,89201,,Kainuu,Puolanka,Puolanka,Pohjois-Suomi,Suomi,fi,0.9,1,1,1,,,
3407436-6,30885603,Pizzeria Turtle,Valtakatu 23,69100,KANNUS,Kannus,Karaduman Ravintolat Oy,01.09.2024,,63.89705905,23.92642838102551,"Valtakatu 23 A, 69100 Kannus, Suomi",,23 A,Valtakatu,69100,,,Mattila,Kannus,Keski-Pohjanmaa,Suomi,fi,0.9,1,1,1,© OpenStreetMap contributors,Open Database License,https://www.openstreetmap.org/copyright
1086938-3,1275044,Peltokankaan Työväentalo,Peltokankaantie 928,69920,OKSAKOSKI,Perho,Peltokankaan Voimistelu- ja Urheiluseura Liekki r.y.,01.03.2018,,63.2481004,24.1265425,"Peltokankaantie 928, 69920 Perho, Suomi",Peltokankaantie,928,Peltokankaantie,69920,,,,Perho,Keski-Pohjanmaa,Suomi,fi,0.675,1,1,0.75,© OpenStreetMap contributors,Open Database License,https://www.openstreetmap.org/copyright
2582634-3,1047528,Lamykin`s Cookhouse,Torikatu 3-5,45100,KOUVOLA,Kouvola,LAMYKIN'S INTERNATIONAL Oy,18.07.2014,,60.86876995,26.701136803704586,"Lamykin's Cookhouse, Torikatu 3-5, 45100 Kouvola, Suomi",Lamykin's Cookhouse,3-5,Torikatu,45100,Keskusta,,Kouvolan keskustan suuralue,Kouvola,Kymenlaakso,Suomi,fi,1,1,1,1,© OpenStreetMap contributors,Open Database License,https://www.openstreetmap.org/copyright
2644824-1,1050917,Ravintola Aangan,Hietalahdenkatu 8,180,HELSINKI,Helsinki,Aangan Oy,01.08.2015,,60.163146,24.927851,"Hietalahdenkatu 8, 00180 Helsinki, Suomi",,8,Hietalahdenkatu,00180,Kamppi,,Eteläinen suurpiiri,Helsinki,Uusimaa,Suomi,fi,1,1,1,1,© OpenStreetMap contributors,Open Database License,https://www.openstreetmap.org/copyright
2837502-3,1059199,Ravintola Hyvä Ystävä 21,Keskustie 9-13,5400,JOKELA,Tuusula,Meri Julija Oy,01.01.2019,,60.871230499999996,21.834029163142773,"Jokela, Laitila, Varsinais-Suomi, Suomi",Jokela,,,,Jokela,,,Laitila,Varsinais-Suomi,Suomi,fi,0.25,1,,,© OpenStreetMap contributors,Open Database License,https://www.openstreetmap.org/copyright
3473996-2,30887050,Airisto Marina,Airistontie 700,21600,PARAINEN,Parainen,Airisto Marina Oy,02.04.2025,,60.25176545,22.109503952208083,"Holiday Club Airisto, Airistontie 700, 21600 Parainen, Suomi",Holiday Club Airisto,700,Airistontie,21600,,,Parainen,Parainen,Varsinais-Suomi,Suomi,fi,0.9,1,1,1,© OpenStreetMap contributors,Open Database License,https://www.openstreetmap.org/copyright
2690472-9,30076416,A-Biljardi Oy,Yliopistonkatu 14,20100,TURKU,Turku,A-Biljardi Oy,01.03.2023,,60.4529772,22.2690172,"Hattu & Hansikas, Yliopistonkatu 14, 20100 Turku, Suomi",Hattu & Hansikas,14,Yliopistonkatu,20100,Keskusta,,Aninkaistenmäki,Turku,Varsinais-Suomi,Suomi,fi,0.9,1,1,1,© OpenStreetMap contributors,Open Database License,https://www.openstreetmap.org/copyright
2893214-1,1060598,Puotilan Kartano,Puotilantie 7,910,HELSINKI,Helsinki,Tapahtuma Kartano Oy,16.04.2018,,60.21184195,25.107075289828135,"Puotilan kartano, Puotilantie 7, 00910 Helsinki, Suomi",Puotilan kartano,7,Puotilantie,00910,Vartiokylä,,Itäinen suurpiiri,Helsinki,Uusimaa,Suomi,fi,1,1,1,1,© OpenStreetMap contributors,Open Database License,https://www.openstreetmap.org/copyright
0786086-3,30073621,Salo Golf kahvila,Anistenkatu 1,24100,SALO,Salo,Salon Golfkeskus Oy,04.04.2022,,60.3784721,23.141967,"Puistos, Anistenkatu 1, 24100 Salo, Suomi",Puistos,1,Anistenkatu,24100,Anisi,,,Salo,Varsinais-Suomi,Suomi,fi,0.9,1,1,1,© OpenStreetMap contributors,Open Database License,https://www.openstreetmap.org/copyright
3339925-7,30882950,Luckiefun's Sushibuffet Columbus,Vuotie 45,980,HELSINKI,Helsinki,NiJi Sushi Oy,11.09.2023,,60.2080799,25.1440278,"Vuotie 45, 00984 Helsinki, Suomi",,45,Vuotie,00984,Vuosaari,,Itäinen suurpiiri,Helsinki,Uusimaa,Suomi,fi,1,1,1,1,© OpenStreetMap contributors,Open Database License,https://www.openstreetmap.org/copyright
2820086-4,1058878,Saigon Kitchen,Kauppakatu 42-44,78200,VARKAUS,Varkaus,SG Cuong,01.03.2018,,62.315991,27.871686,"Kauppakatu 42-44, 78200 Varkaus, Suomi",,42-44,Kauppakatu,78200,,Pohjois-Savo,Varkaus,Varkaus,Itä-Suomi,Suomi,fi,0.9,1,1,1,© OpenAddresses contributors,BSD-3-Clause License,
1457555-0,1020130,Neste Leppävirta,Kokoojatie 17,79100,LEPPÄVIRTA,Leppävirta,AK-Asema Oy,01.03.2018,,62.494544,27.758052,"Kokoojatie 17, 79100 Leppävirta, Suomi",,17,Kokoojatie,79100,,Pohjois-Savo,Leppävirta,Leppävirta,Itä-Suomi,Suomi,fi,0.9,1,1,1,© OpenAddresses contributors,BSD-3-Clause License,
2994684-4,1067473,Kiss Bar,Kauppakatu 5-9,8100,LOHJA,Lohja,KISSBARBAR OY,29.01.2020,,60.24974835,24.0665079449565,"Kauppakeskus Lohjantähti, Kauppakatu 5-9, 08100 Lohja, Suomi",Kauppakeskus Lohjantähti,5-9,Kauppakatu,08100,Ahtsalmi,,Lohja,Lohja,Uusimaa,Suomi,fi,0.9,1,1,1,© OpenStreetMap contributors,Open Database License,https://www.openstreetmap.org/copyright
3150698-7,30070208,Yeastie Boi,Annankatu 29 B (sisäpiha),100,HELSINKI,Helsinki,Vesirinkeli Oy,06.03.2021,,60.1680098,24.935851819658826,"Raittius ja valistustalo, Annankatu 29, 00100 Helsinki, Suomi",Raittius ja valistustalo,29,Annankatu,00100,Kamppi,,Eteläinen suurpiiri,Helsinki,Uusimaa,Suomi,fi,0.9,1,1,1,© OpenStreetMap contributors,Open Database License,https://www.openstreetmap.org/copyright
2821285-7,1056542,Café Restaurant Berny,Replotvägen 2,65800,RAIPPALUOTO,Mustasaari,Restaurang Bernys Oy Ab,01.04.2017,,63.207196,21.462062,"Maailmanperintöportti, Replotvägen 2, 65800 Mustasaari, Suomi",Maailmanperintöportti,2,Replotvägen,65800,,Pohjanmaa,,Mustasaari,Länsi ja Sisä-Suomi,Suomi,fi,0.855,1,1,1,© OpenAddresses contributors,BSD-3-Clause License,
3266092-7,30883741,IsaJOOGA Wine Barn,Kedonperäntie 30,91900,LIMINKA,Liminka,Comyn Group Oy,01.03.2024,,64.808543,25.4383502,"Kedonperäntie 30, 91900 Liminka, Suomi",Kedonperäntie,30,Kedonperäntie,91900,Jutkokylä,,,Liminka,Pohjois-Pohjanmaa,Suomi,fi,0.9,1,1,1,© OpenStreetMap contributors,Open Database License,https://www.openstreetmap.org/copyright
0710767-9,1052051,Ravintola Maret,Oikokatu 8,10900,HANKO,Hanko,Oy Hanko Restpoint Ab,01.01.1960,,59.824729,22.966068,"Oikokatu 8, 10900 Hanko, Suomi",,8,Oikokatu,10900,,Uusimaa,Hanko,Hanko,Etelä-Suomi,Suomi,fi,0.9,1,1,1,© OpenAddresses contributors,BSD-3-Clause License,
1448922-2,1074705,Restaurant Buffalo,Kaapeliniementie 2,21710,KORPPOO,Parainen,Ab Archi-Rest Oy,24.04.1998,,60.1620041,21.5587958,"Korppoo, Varsinais-Suomi, Suomi",,,,,,,,Korppoo,Varsinais-Suomi,Suomi,fi,0.25,1,,,© OpenStreetMap contributors,Open Database License,https://www.openstreetmap.org/copyright
2370168-6,1057621,Pub & Karaoke Olavin Olga,Olavinkatu 54,57100,SAVONLINNA,Savonlinna,Tulikuuma Kumpu Oy,27.07.2017,,61.8699695,28.8763515,"Olavinkatu 54, 57100 Savonlinna, Suomi",,54,Olavinkatu,57100,Savola,,Savonlinna,Savonlinna,Etelä-Savo,Suomi,fi,0.9,1,1,1,© OpenStreetMap contributors,Open Database License,https://www.openstreetmap.org/copyright
1843700-8,1060216,Otsolan Hovi,Otsolantie 20,31640,HUMPPILA,Humppila,Humppilan Otsolanhovi Oy,01.11.2004,,60.9649264,23.3197379,"Otsolantie 20, 31640 Humppila, Suomi",Otsolantie,20,Otsolantie,31640,,Kanta-Häme,,Humppila,Kanta-Häme,Suomi,fi,0.9,1,1,1,© OpenStreetMap contributors,Open Database License,https://www.openstreetmap.org/copyright
3438886-7,30884685,Chill Out Cafe,Varikkotie 4,900,HELSINKI,Helsinki,Tmi Chill Out Cafe,23.05.2024,,60.2095381,25.0679582,"Chill out Cafe, Varikkotie 4, 00900 Helsinki, Suomi",Chill out Cafe,4,Varikkotie,00900,Vartiokylä,,Itäinen suurpiiri,Helsinki,Uusimaa,Suomi,fi,1,1,1,1,© OpenStreetMap contributors,Open Database License,https://www.openstreetmap.org/copyright
3316117-7,1077114,Ravintola Kellari,Jousitie 39,19650,JOUTSA,Joutsa,Lamminmäen Juhla ja Peti avoin yhtiö,28.04.2023,,61.7414299,26.1137939,"Dataseed Shop, Jousitie 39, 19650 Joutsa, Suomi",Dataseed Shop,39,Jousitie,19650,,,,Joutsa,Keski-Suomi,Suomi,fi,0.9,1,1,1,© OpenStreetMap contributors,Open Database License,https://www.openstreetmap.org/copyright
2615032-2,30047013,Kortteliravintola Kerttulin Kievari,Kellonsoittajankatu 3-7,20500,TURKU,Turku,Kerttulin Kievari Oy,29.03.2021,,60.4494859,22.282168641566585,"Kerttulinkallio, Kellonsoittajankatu 3-7, 20500 Turku, Suomi",Kerttulinkallio,3-7,Kellonsoittajankatu,20500,Keskusta,,Kerttuli,Turku,Varsinais-Suomi,Suomi,fi,0.9,1,1,1,© OpenStreetMap contributors,Open Database License,https://www.openstreetmap.org/copyright
1445308-6,1003347,Hyvinkään Keilahallin Kahvio,Kauppalankatu 7-11,5800,HYVINKÄÄ,Hyvinkää,ML Pinpro Oy,01.03.2018,,60.6334655,24.8598252,"Aamuposti, Kauppalankatu 7-11, 05800 Hyvinkää, Suomi",Aamuposti,7-11,Kauppalankatu,05800,Parantola,,,Hyvinkää,Uusimaa,Suomi,fi,0.9,1,1,1,© OpenStreetMap contributors,Open Database License,https://www.openstreetmap.org/copyright
3073401-3,30888736,Oulunsalon jäähalli,tuohikuja 5,90460,OULUNSALO,Oulu,Laser HT tuki ry,01.10.2025,,64.9434241,25.3802217,"Tuohikuja 5, 90460 Oulunsalo, Suomi",Tuohikuja,5,Tuohikuja,90460,Oulunsalo,Pohjois-Pohjanmaa,Oulu,Oulunsalo,Pohjois-Suomi,Suomi,fi,0.9,1,1,1,,,
2159675-5,1030763,Hotel Haven,Unioninkatu 17,130,HELSINKI,Helsinki,Oy Union Hotels Ab,01.01.2009,,60.1665254,24.9515296,"Unioninkatu 17, 00130 Helsinki, Suomi",,17,Unioninkatu,00130,Kaartinkaupunki,,Eteläinen suurpiiri,Helsinki,Uusimaa,Suomi,fi,1,1,1,1,© OpenStreetMap contributors,Open Database License,https://www.openstreetmap.org/copyright
1461729-8,1876339,Vastuksen kahvio,Veneheitto,92830,VENEHEITTO,Vaala,Voimistelu- ja Urheiluseura Veneheiton Vastus r.y.,01.03.2018,,64.4438147,26.523331,"Veneheitto (Vaala), Pohjois-Pohjanmaa, Suomi",,,,92830,,,,Vaala,Pohjois-Pohjanmaa,Suomi,fi,0.25,1,,,© OpenStreetMap contributors,Open Database License,https://www.openstreetmap.org/copyright
3468213-4,30885688,Lumle Restaurant and Bar,"rauhankatu 27B ",6100,PORVOO,Porvoo,Kusma oy,15.09.2024,,60.3931293,25.6656274,"Rauhankatu 27b, 06100 Porvoo, Suomi",Rauhankatu,27b,Rauhankatu,06100,Keskusta,,,Porvoo,Uusimaa,Suomi,fi,0.9,1,1,1,© OpenStreetMap contributors,Open Database License,https://www.openstreetmap.org/copyright
3295696-3,30889327,Snowmobile Grand Prix ravintola,Valtakatu 41 96200 Rovaniemi,96200,ROVANIEMI,Rovaniemi,Stand Up Lappi Oy,14.03.2026,14.03.2026,66.50677045,25.73506869769804,"Valtakatu 41, 96200 Rovaniemi, Suomi",,41,Valtakatu,96200,Keskusta,,,Rovaniemi,Lappi,Suomi,fi,0.225,1,0.25,,© OpenStreetMap contributors,Open Database License,https://www.openstreetmap.org/copyright
3239841-2,1072684,Ravintola Apaja,Huhtimäenkatu 3 C,33100,TAMPERE,Tampere,Jussinkylän ravintolat Oy,01.12.2021,,61.5029739,23.7723827,"Ravintola Apaja, Huhtimäenkatu 3, 33100 Tampere, Suomi",Ravintola Apaja,3,Huhtimäenkatu,33100,Jussinkylä,,Keskustan suuralue,Tampere,Pirkanmaa,Suomi,fi,1,1,1,1,© OpenStreetMap contributors,Open Database License,https://www.openstreetmap.org/copyright
3158455-5,1072294,Maatilamatkailu ja Pitopalvelu Hertta,Äitsaarentie 263,56140,ÄITSAARI,Ruokolahti,Maatilamatkailu ja Pitopalvelu Hertta Avoin Yhtiö,15.11.2021,,61.26616835,28.662333783182774,"Äitsaarentie 263, 56140 Ruokolahti, Suomi",,263,Äitsaarentie,56140,,,,Ruokolahti,Etelä-Karjala,Suomi,fi,0.855,1,1,1,© OpenStreetMap contributors,Open Database License,https://www.openstreetmap.org/copyright
2696751-9,1052535,Ravintola Swan,Saimaantie 9,54100,JOUTSENO,Lappeenranta,Viyan avoin yhtiö,01.03.2018,,61.1207636,28.504024,"Ravintola Swan, Saimaantie 9, 54100 Lappeenranta, Suomi",Ravintola Swan,9,Saimaantie,54100,Joutsenon keskus,,,Lappeenranta,Etelä-Karjala,Suomi,fi,1,1,1,1,© OpenStreetMap contributors,Open Database License,https://www.openstreetmap.org/copyright
0145626-1,1035817,Vesihelmen kahvio,Eteläinen puistokatu 2,30420,FORSSA,Forssa,Forssan kaupunki,01.03.2018,,60.8104742,23.618366497425935,"Vesihelmi, Eteläinen puistokatu 2, 30420 Forssa, Suomi",Vesihelmi,2,Eteläinen puistokatu,30420,Tölö,,Keskusta,Forssa,Kanta-Häme,Suomi,fi,0.9,1,1,1,© OpenStreetMap contributors,Open Database License,https://www.openstreetmap.org/copyright
3240032-4,30882364,Kotipizza Munkkiniemi,Munkkiniemen Puistotie 16,330,HELSINKI,Helsinki,Suomi International Oy,05.07.2023,,60.1972371,24.87844252224518,"Munkkiniemen puistotie 16, 00330 Helsinki, Suomi",,16,Munkkiniemen puistotie,00330,Munkkiniemi,,Läntinen suurpiiri,Helsinki,Uusimaa,Suomi,fi,1,1,1,1,© OpenStreetMap contributors,Open Database License,https://www.openstreetmap.org/copyright
3155701-2,1069577,CakePop,Lohenpyrstöntie 52,92140,PATTIJOKI,Raahe,CakePop Oy,20.11.2020,,64.7089824,24.5062064,"Lohenpyrstöntie 52, 92130 Pattijoki, Suomi",,52,Lohenpyrstöntie,92130,Mikonkari,,Raahe,Pattijoki,Pohjois-Pohjanmaa,Suomi,fi,1,1,1,1,© OpenStreetMap contributors,Open Database License,https://www.openstreetmap.org/copyright
3423044-5,30886229,OSAKA SUSHI KAMPPI,Kampinkuja 2,100,HELSINKI,Helsinki,HAOMAI OY,01.12.2024,,60.1683525,24.930792,"Kampinkuja 2, 00100 Helsinki, Suomi",,2,Kampinkuja,00100,Kamppi,,Eteläinen suurpiiri,Helsinki,Uusimaa,Suomi,fi,1,1,1,1,© OpenStreetMap contributors,Open Database License,https://www.openstreetmap.org/copyright
0812642-5,30076090,Kultainen Apina,Insinöörinkatu 30,33720,TAMPERE,Tampere,Ellak Group Oy,20.04.2018,,61.4517753,23.8477732,"Kultainen Apina, Insinöörinkatu 30, 33720 Tampere, Suomi",Kultainen Apina,30,Insinöörinkatu,33720,Hervanta,,Kaakkoinen suuralue,Tampere,Pirkanmaa,Suomi,fi,1,1,1,1,© OpenStreetMap contributors,Open Database License,https://www.openstreetmap.org/copyright
3420906-4,30885766,"STREETBOYS ",HALLITUSKATU 3,45100,KOUVOLA,Kouvola,Street Boys Oy,01.10.2024,,60.8663014,26.70559679734469,"Kouvolan matkakeskus, Hallituskatu 3, 45100 Kouvola, Suomi",Kouvolan matkakeskus,3,Hallituskatu,45100,Keskusta,,Kouvolan keskustan suuralue,Kouvola,Kymenlaakso,Suomi,fi,0.9,1,1,1,© OpenStreetMap contributors,Open Database License,https://www.openstreetmap.org/copyright
0197772-9,30884705,Kasino,Kutalantie 783,38120,SASTAMALA,Sastamala,Kutalan Nuorisoseura ry,01.06.2024,,61.4187663,23.1509217,"Kutalantie 783, 38120 Sastamala, Suomi",Kutalantie,783,Kutalantie,38120,,Pirkanmaa,,Sastamala,Länsi ja Sisä-Suomi,Suomi,fi,0.9,1,1,1,,,
0864016-8,1031207,Ravintola Andalucia,Pohjoispuisto 4,28100,PORI,Pori,Ravintola Andalucia Ky,18.02.2009,,61.4874711,21.793373,"Restaurante Andalucia, Pohjoispuisto 4, 28100 Pori, Suomi",Restaurante Andalucia,4,Pohjoispuisto,28100,Karhunpää,,,Pori,Satakunta,Suomi,fi,0.9,1,1,1,© OpenStreetMap contributors,Open Database License,https://www.openstreetmap.org/copyright
2962439-4,1064757,Lopen grilli pizzeria,Viertotie 3,12700,LOPPI,Loppi,Fast Service M.A Oy,08.05.2019,,60.71921585,24.444708063230724,"Viertotie 3, 12700 Loppi, Suomi",,3,Viertotie,12700,,,,Loppi,Kanta-Häme,Suomi,fi,0.9,1,1,1,© OpenStreetMap contributors,Open Database License,https://www.openstreetmap.org/copyright
3450578-7,30887255,Kustavin KilpiKlubi,Kärtyntie 2,23360,KUSTAVI,Kustavi,Lilas Oy,27.04.2025,,60.545987,21.3584953,"Maistonki, Kärtyntie 2, 23360 Kustavi, Suomi",Maistonki,2,Kärtyntie,23360,Kivimaa,,,Kustavi,Varsinais-Suomi,Suomi,fi,0.9,1,1,1,© OpenStreetMap contributors,Open Database License,https://www.openstreetmap.org/copyright
2998410-3,30065166,Porvoon Hamarinranta Oy,Hamarintie 1,6650,HAMARI,Porvoo,Porvoon Hamarinranta Oy,05.06.2019,,60.357176,25.6407977,"Hamarin Seo, Hamarintie 1, 06650 Porvoo, Suomi",Hamarin Seo,1,Hamarintie,06650,Lehtimäki,,,Porvoo,Uusimaa,Suomi,fi,0.9,1,1,1,© OpenStreetMap contributors,Open Database License,https://www.openstreetmap.org/copyright
3150416-4,30888294,Lähi Pizza Kebab,Jurvalankatu 6,33300,TAMPERE,Tampere,Lähi Pizza & Kebab,21.07.2025,,61.497712,23.638388,"Jurvalankatu 6, 33300 Tampere, Suomi",,6,Jurvalankatu,33300,Rahola,Pirkanmaa,Tampere,Tampere,Länsi ja Sisä-Suomi,Suomi,fi,0.9,1,1,1,© OpenAddresses contributors,BSD-3-Clause License,
0658353-4,1043751,Kaarle XII,Kasarmikatu 40,130,HELSINKI,Helsinki,Restel Ravintolat Oy,02.04.2013,,60.1656206,24.9474862,"Kaarle XII, Kasarmikatu 40, 00130 Helsinki, Suomi",Kaarle XII,40,Kasarmikatu,00130,Kaartinkaupunki,,Eteläinen suurpiiri,Helsinki,Uusimaa,Suomi,fi,1,1,1,1,© OpenStreetMap contributors,Open Database License,https://www.openstreetmap.org/copyright
2345680-1,1038108,Fagerholm,FagerholmKustbevakningsstation,21660,NAUVO,Parainen,Captium Havstjärna Ab,17.08.2011,,60.1924684,21.9105098,"Nauvo, Varsinais-Suomi, Suomi",,,,,,,,Nauvo,Varsinais-Suomi,Suomi,fi,0.25,1,,,© OpenStreetMap contributors,Open Database License,https://www.openstreetmap.org/copyright
2245228-6,30031426,Ravintola Konja,Torikatu 4,700,HELSINKI,Helsinki,SHIV Oy,27.03.2018,,60.25216965,25.008466448960895,"Torikatu 4, 00700 Helsinki, Suomi",,4,Torikatu,00700,Malmi,,Koillinen suurpiiri,Helsinki,Uusimaa,Suomi,fi,1,1,1,1,© OpenStreetMap contributors,Open Database License,https://www.openstreetmap.org/copyright
0185536-9,1881099,Raviradan Kahvila/Pub,Ravitie 48,87950,KULUNTALAHTI,Kajaani,Kainuun Ravirata Oy,01.03.2018,,64.27767180000001,27.846474228875024,"Kajaanin ravirata, Ravitie 48, 87950 Kajaani, Suomi",Kajaanin ravirata,48,Ravitie,87950,,,,Kajaani,Kainuu,Suomi,fi,0.9,1,1,1,© OpenStreetMap contributors,Open Database License,https://www.openstreetmap.org/copyright
2109309-0,1026863,Harjoitusravintola Kisälli,Urheilukatu 6,95400,TORNIO,Tornio,Kemi-Tornionlaakson koulutuskuntayhtymä Lappia,21.08.2007,,65.85217095,24.138825712797043,"Lappia, Urheilukatu 6, 95400 Tornio, Suomi",Lappia,6,Urheilukatu,95400,Juhannussaari,,,Tornio,Lappi,Suomi,fi,0.9,1,1,1,© OpenStreetMap contributors,Open Database License,https://www.openstreetmap.org/copyright
0201099-0,1038199,Lehmirannan Lomakeskus,Lehmirannantie 12,25170,KOTALATO,Salo,Eläkeliitto ry,01.01.1992,,60.2974023,23.083741290711217,"Lehmirannan lomakeskus, Lehmirannantie 12, 25170 Salo, Suomi",Lehmirannan lomakeskus,12,Lehmirannantie,25170,,,,Salo,Varsinais-Suomi,Suomi,fi,1,1,1,1,© OpenStreetMap contributors,Open Database License,https://www.openstreetmap.org/copyright
3236044-9,1072766,Alexander Grill House,Pormestarinkatu 14 lt 3,6100,PORVOO,Porvoo,"Ravintola Nevroz 14 Avoin yhtiö ",01.12.2021,,60.3890785760973,25.651424615940414,"Pormestarinkatu, 06100 Porvoo, Suomi",Pormestarinkatu,,Pormestarinkatu,06100,Näsi,Uusimaa,Porvoo,Porvoo,Uusimaa,Suomi,fi,0.5,1,1,,© OpenStreetMap contributors,Open Database License,https://www.openstreetmap.org/copyright
2142057-3,1032523,Kotipizza-Tampere-keskusta,Aleksanterinkatu 29 B,33100,TAMPERE,Tampere,Sawings Oy,01.03.2018,,61.497392,23.7691781,"Bär Bar, Aleksanterinkatu 29B, 33100 Tampere, Suomi",Bär Bar,29B,Aleksanterinkatu,33100,Kyttälä,,Keskustan suuralue,Tampere,Pirkanmaa,Suomi,fi,0.9,1,1,1,© OpenStreetMap contributors,Open Database License,https://www.openstreetmap.org/copyright
3564314-5,30888930,Limone Lauttasaari,Nahkahousuntie 1,210,HELSINKI,Helsinki,ROHA GROUP OY,24.10.2025,23.10.2026,60.1510912,24.8855999,"Nahkahousuntie 1, 00210 Helsinki, Suomi",,1,Nahkahousuntie,00210,Lauttasaari,,Eteläinen suurpiiri,Helsinki,Uusimaa,Suomi,fi,1,1,1,1,© OpenStreetMap contributors,Open Database License,https://www.openstreetmap.org/copyright
0957132-8,30085383,Farmors Cafe,Plats 3,25960,HÖGSÅRA,Kemiönsaari,Skärgårdshavets Trafiksystem VTS Ab,23.06.2020,,59.9537677,22.3606085,"25960 Hautsaari (Kemiönsaari), Suomi",,,,25960,,,,Kemiönsaari,Varsinais-Suomi,Suomi,fi,0.25,1,,,© OpenStreetMap contributors,Open Database License,https://www.openstreetmap.org/copyright
2004311-2,1027609,Kulttuurikeskus Sofia,"Kallvikinniementie 35 ",980,HELSINKI,Helsinki,Sofiapalvelut Oy,01.01.2008,,60.188067448,25.145669892,"Kallvikinniementie, 00990 Helsinki, Suomi",Kallvikinniementie,,Kallvikinniementie,00990,Vuosaari,,Itäinen suurpiiri,Helsinki,Uusimaa,Suomi,fi,1,1,1,,© OpenStreetMap contributors,Open Database License,https://www.openstreetmap.org/copyright
2255041-7,1048059,Art Bank,Köpmansgatan 24,21600,PARAINEN,Parainen,Kjell's Kitchen Oy Ab,01.08.2014,,60.300901,22.301294,"Kauppiaskatu, Köpmansgatan 24, 21600 Parainen, Suomi",Kauppiaskatu,24,Köpmansgatan,21600,Keskusta,Varsinais-Suomi,Parainen,Parainen,Lounais-Suomi,Suomi,fi,0.9,1,1,1,© OpenAddresses contributors,BSD-3-Clause License,
1897413-7,1018095,Rovaniemen Oluthuone,Koskikatu 20,96200,ROVANIEMI,Rovaniemi,Kunnes Oy,26.04.2018,,66.502976,25.72922,"Koskikatu 20, 96200 Rovaniemi, Suomi",,20,Koskikatu,96200,,Lappi,Rovaniemi,Rovaniemi,Lappi,Suomi,fi,0.9,1,1,1,© OpenAddresses contributors,BSD-3-Clause License,
0206392-9,1067886,Vallikenttä,Kari Lindberginkatu 1,49400,HAMINA,Hamina,Haminan Palloilijat ry,01.05.2020,,60.57228005,27.202046250000002,"Kari Lindbergin katu 1, 49400 Hamina, Suomi",Kari Lindbergin katu,1,Kari Lindbergin katu,49400,Meltti,,,Hamina,Kymenlaakso,Suomi,fi,0.45,1,1,0,© OpenStreetMap contributors,Open Database License,https://www.openstreetmap.org/copyright